[{"model": "auth.permission", "pk": 1, "fields": {"name": "Can add log entry", "content_type": 1, "codename": "add_logentry"}}, {"model": "auth.permission", "pk": 2, "fields": {"name": "Can change log entry", "content_type": 1, "codename": "change_logentry"}}, {"model": "auth.permission", "pk": 3, "fields": {"name": "Can delete log entry", "content_type": 1, "codename": "delete_logentry"}}, {"model": "auth.permission", "pk": 4, "fields": {"name": "Can add permission", "content_type": 2, "codename": "add_permission"}}, {"model": "auth.permission", "pk": 5, "fields": {"name": "Can change permission", "content_type": 2, "codename": "change_permission"}}, {"model": "auth.permission", "pk": 6, "fields": {"name": "Can delete permission", "content_type": 2, "codename": "delete_permission"}}, {"model": "auth.permission", "pk": 7, "fields": {"name": "Can add group", "content_type": 3, "codename": "add_group"}}, {"model": "auth.permission", "pk": 8, "fields": {"name": "Can change group", "content_type": 3, "codename": "change_group"}}, {"model": "auth.permission", "pk": 9, "fields": {"name": "Can delete group", "content_type": 3, "codename": "delete_group"}}, {"model": "auth.permission", "pk": 10, "fields": {"name": "Can add user", "content_type": 4, "codename": "add_user"}}, {"model": "auth.permission", "pk": 11, "fields": {"name": "Can change user", "content_type": 4, "codename": "change_user"}}, {"model": "auth.permission", "pk": 12, "fields": {"name": "Can delete user", "content_type": 4, "codename": "delete_user"}}, {"model": "auth.permission", "pk": 13, "fields": {"name": "Can add content type", "content_type": 5, "codename": "add_contenttype"}}, {"model": "auth.permission", "pk": 14, "fields": {"name": "Can change content type", "content_type": 5, "codename": "change_contenttype"}}, {"model": "auth.permission", "pk": 15, "fields": {"name": "Can delete content type", "content_type": 5, "codename": "delete_contenttype"}}, {"model": "auth.permission", "pk": 16, "fields": {"name": "Can add session", "content_type": 6, "codename": "add_session"}}, {"model": "auth.permission", "pk": 17, "fields": {"name": "Can change session", "content_type": 6, "codename": "change_session"}}, {"model": "auth.permission", "pk": 18, "fields": {"name": "Can delete session", "content_type": 6, "codename": "delete_session"}}, {"model": "auth.permission", "pk": 19, "fields": {"name": "Can add application", "content_type": 7, "codename": "add_application"}}, {"model": "auth.permission", "pk": 20, "fields": {"name": "Can change application", "content_type": 7, "codename": "change_application"}}, {"model": "auth.permission", "pk": 21, "fields": {"name": "Can delete application", "content_type": 7, "codename": "delete_application"}}, {"model": "auth.permission", "pk": 22, "fields": {"name": "Can add grant", "content_type": 8, "codename": "add_grant"}}, {"model": "auth.permission", "pk": 23, "fields": {"name": "Can change grant", "content_type": 8, "codename": "change_grant"}}, {"model": "auth.permission", "pk": 24, "fields": {"name": "Can delete grant", "content_type": 8, "codename": "delete_grant"}}, {"model": "auth.permission", "pk": 25, "fields": {"name": "Can add access token", "content_type": 9, "codename": "add_accesstoken"}}, {"model": "auth.permission", "pk": 26, "fields": {"name": "Can change access token", "content_type": 9, "codename": "change_accesstoken"}}, {"model": "auth.permission", "pk": 27, "fields": {"name": "Can delete access token", "content_type": 9, "codename": "delete_accesstoken"}}, {"model": "auth.permission", "pk": 28, "fields": {"name": "Can add refresh token", "content_type": 10, "codename": "add_refreshtoken"}}, {"model": "auth.permission", "pk": 29, "fields": {"name": "Can change refresh token", "content_type": 10, "codename": "change_refreshtoken"}}, {"model": "auth.permission", "pk": 30, "fields": {"name": "Can delete refresh token", "content_type": 10, "codename": "delete_refreshtoken"}}, {"model": "auth.permission", "pk": 31, "fields": {"name": "Can add user social auth", "content_type": 11, "codename": "add_usersocialauth"}}, {"model": "auth.permission", "pk": 32, "fields": {"name": "Can change user social auth", "content_type": 11, "codename": "change_usersocialauth"}}, {"model": "auth.permission", "pk": 33, "fields": {"name": "Can delete user social auth", "content_type": 11, "codename": "delete_usersocialauth"}}, {"model": "auth.permission", "pk": 34, "fields": {"name": "Can add nonce", "content_type": 12, "codename": "add_nonce"}}, {"model": "auth.permission", "pk": 35, "fields": {"name": "Can change nonce", "content_type": 12, "codename": "change_nonce"}}, {"model": "auth.permission", "pk": 36, "fields": {"name": "Can delete nonce", "content_type": 12, "codename": "delete_nonce"}}, {"model": "auth.permission", "pk": 37, "fields": {"name": "Can add association", "content_type": 13, "codename": "add_association"}}, {"model": "auth.permission", "pk": 38, "fields": {"name": "Can change association", "content_type": 13, "codename": "change_association"}}, {"model": "auth.permission", "pk": 39, "fields": {"name": "Can delete association", "content_type": 13, "codename": "delete_association"}}, {"model": "auth.permission", "pk": 40, "fields": {"name": "Can add code", "content_type": 14, "codename": "add_code"}}, {"model": "auth.permission", "pk": 41, "fields": {"name": "Can change code", "content_type": 14, "codename": "change_code"}}, {"model": "auth.permission", "pk": 42, "fields": {"name": "Can delete code", "content_type": 14, "codename": "delete_code"}}, {"model": "auth.permission", "pk": 43, "fields": {"name": "Can add profile", "content_type": 15, "codename": "add_profile"}}, {"model": "auth.permission", "pk": 44, "fields": {"name": "Can change profile", "content_type": 15, "codename": "change_profile"}}, {"model": "auth.permission", "pk": 45, "fields": {"name": "Can delete profile", "content_type": 15, "codename": "delete_profile"}}, {"model": "auth.permission", "pk": 46, "fields": {"name": "Can add loop", "content_type": 16, "codename": "add_loop"}}, {"model": "auth.permission", "pk": 47, "fields": {"name": "Can change loop", "content_type": 16, "codename": "change_loop"}}, {"model": "auth.permission", "pk": 48, "fields": {"name": "Can delete loop", "content_type": 16, "codename": "delete_loop"}}, {"model": "auth.permission", "pk": 49, "fields": {"name": "Can add shows relationship", "content_type": 17, "codename": "add_showsrelationship"}}, {"model": "auth.permission", "pk": 50, "fields": {"name": "Can change shows relationship", "content_type": 17, "codename": "change_showsrelationship"}}, {"model": "auth.permission", "pk": 51, "fields": {"name": "Can delete shows relationship", "content_type": 17, "codename": "delete_showsrelationship"}}, {"model": "auth.permission", "pk": 52, "fields": {"name": "Can add show settings", "content_type": 18, "codename": "add_showsettings"}}, {"model": "auth.permission", "pk": 53, "fields": {"name": "Can change show settings", "content_type": 18, "codename": "change_showsettings"}}, {"model": "auth.permission", "pk": 54, "fields": {"name": "Can delete show settings", "content_type": 18, "codename": "delete_showsettings"}}, {"model": "auth.permission", "pk": 55, "fields": {"name": "Can add show", "content_type": 19, "codename": "add_show"}}, {"model": "auth.permission", "pk": 56, "fields": {"name": "Can change show", "content_type": 19, "codename": "change_show"}}, {"model": "auth.permission", "pk": 57, "fields": {"name": "Can delete show", "content_type": 19, "codename": "delete_show"}}, {"model": "auth.permission", "pk": 58, "fields": {"name": "Can add items relationship", "content_type": 20, "codename": "add_itemsrelationship"}}, {"model": "auth.permission", "pk": 59, "fields": {"name": "Can change items relationship", "content_type": 20, "codename": "change_itemsrelationship"}}, {"model": "auth.permission", "pk": 60, "fields": {"name": "Can delete items relationship", "content_type": 20, "codename": "delete_itemsrelationship"}}, {"model": "auth.permission", "pk": 61, "fields": {"name": "Can add item", "content_type": 21, "codename": "add_item"}}, {"model": "auth.permission", "pk": 62, "fields": {"name": "Can change item", "content_type": 21, "codename": "change_item"}}, {"model": "auth.permission", "pk": 63, "fields": {"name": "Can delete item", "content_type": 21, "codename": "delete_item"}}, {"model": "auth.group", "pk": 1, "fields": {"name": "api user", "permissions": [61, 62, 63, 58, 59, 60, 47, 43, 44, 45, 55, 56, 57, 52, 53, 54, 49, 50, 51]}}, {"model": "auth.user", "pk": 1, "fields": {"password": "pbkdf2_sha256$24000$Sy3MtMPtsC1l$t/x03imd4SBxtArqaRNPzgT102hKTUfQZsPu3WI/bGU=", "last_login": "2016-06-28T21:15:47.895Z", "is_superuser": true, "username": "vied12", "first_name": "", "last_name": "", "email": "vied12@gmail.com", "is_staff": true, "is_active": true, "date_joined": "2016-06-28T21:15:14.790Z", "groups": [1], "user_permissions": []}}, {"model": "auth.user", "pk": 2, "fields": {"password": "pbkdf2_sha256$24000$Fh1fOd55D8A5$NVnPHGM759cfdWzs2MoGQ0VzI6q9mARPiktNy0Bi3XE=", "last_login": null, "is_superuser": true, "username": "ben", "first_name": "", "last_name": "", "email": "benjamin.etco@gmail.com", "is_staff": true, "is_active": true, "date_joined": "2016-06-28T21:15:18.763Z", "groups": [1], "user_permissions": []}}, {"model": "l8pr.profile", "pk": 1, "fields": {"user": 1, "avatar": null}}, {"model": "l8pr.profile", "pk": 2, "fields": {"user": 2, "avatar": null}}, {"model": "l8pr.loop", "pk": 1, "fields": {"user": 1, "active": true, "added": "2016-06-28T21:15:14.833Z", "updated": "2016-06-28T21:15:14.833Z"}}, {"model": "l8pr.loop", "pk": 2, "fields": {"user": 2, "active": true, "added": "2016-06-28T21:15:18.807Z", "updated": "2016-06-28T21:15:18.807Z"}}, {"model": "l8pr.showsrelationship", "pk": 2, "fields": {"loop": 1, "show": 2, "order": 1}}, {"model": "l8pr.showsrelationship", "pk": 3, "fields": {"loop": 1, "show": 3, "order": 2}}, {"model": "l8pr.showsrelationship", "pk": 10, "fields": {"loop": 1, "show": 10, "order": 9}}, {"model": "l8pr.showsrelationship", "pk": 11, "fields": {"loop": 1, "show": 11, "order": 10}}, {"model": "l8pr.showsrelationship", "pk": 19, "fields": {"loop": 2, "show": 19, "order": 1}}, {"model": "l8pr.showsrelationship", "pk": 21, "fields": {"loop": 2, "show": 21, "order": 3}}, {"model": "l8pr.showsrelationship", "pk": 25, "fields": {"loop": 2, "show": 25, "order": 7}}, {"model": "l8pr.showsrelationship", "pk": 28, "fields": {"loop": 2, "show": 28, "order": 10}}, {"model": "l8pr.showsettings", "pk": 1, "fields": {"shuffle": false, "dj_layout": false, "giphy": true, "force_giphy": false, "giphy_tags": "pattern,acid,psychedelic,rave,punch", "hide_strip": false}}, {"model": "l8pr.showsettings", "pk": 2, "fields": {"shuffle": false, "dj_layout": false, "giphy": true, "force_giphy": false, "giphy_tags": null, "hide_strip": false}}, {"model": "l8pr.showsettings", "pk": 3, "fields": {"shuffle": false, "dj_layout": false, "giphy": true, "force_giphy": false, "giphy_tags": null, "hide_strip": false}}, {"model": "l8pr.showsettings", "pk": 4, "fields": {"shuffle": false, "dj_layout": false, "giphy": true, "force_giphy": false, "giphy_tags": "dance,sunglasses,abstract", "hide_strip": false}}, {"model": "l8pr.showsettings", "pk": 5, "fields": {"shuffle": false, "dj_layout": false, "giphy": true, "force_giphy": false, "giphy_tags": "dance,sunglasses,abstract", "hide_strip": false}}, {"model": "l8pr.showsettings", "pk": 6, "fields": {"shuffle": false, "dj_layout": false, "giphy": true, "force_giphy": false, "giphy_tags": null, "hide_strip": false}}, {"model": "l8pr.showsettings", "pk": 7, "fields": {"shuffle": false, "dj_layout": false, "giphy": true, "force_giphy": false, "giphy_tags": null, "hide_strip": false}}, {"model": "l8pr.showsettings", "pk": 8, "fields": {"shuffle": false, "dj_layout": false, "giphy": true, "force_giphy": false, "giphy_tags": null, "hide_strip": false}}, {"model": "l8pr.showsettings", "pk": 9, "fields": {"shuffle": false, "dj_layout": false, "giphy": true, "force_giphy": false, "giphy_tags": "dance,sunglasses,abstract", "hide_strip": false}}, {"model": "l8pr.showsettings", "pk": 10, "fields": {"shuffle": true, "dj_layout": false, "giphy": true, "force_giphy": false, "giphy_tags": null, "hide_strip": false}}, {"model": "l8pr.showsettings", "pk": 11, "fields": {"shuffle": true, "dj_layout": true, "giphy": true, "force_giphy": false, "giphy_tags": "psychedelic,punch,rave,electro", "hide_strip": false}}, {"model": "l8pr.showsettings", "pk": 12, "fields": {"shuffle": true, "dj_layout": false, "giphy": true, "force_giphy": false, "giphy_tags": null, "hide_strip": false}}, {"model": "l8pr.showsettings", "pk": 13, "fields": {"shuffle": false, "dj_layout": false, "giphy": true, "force_giphy": false, "giphy_tags": "dance,sunglasses,abstract", "hide_strip": false}}, {"model": "l8pr.showsettings", "pk": 14, "fields": {"shuffle": false, "dj_layout": false, "giphy": true, "force_giphy": false, "giphy_tags": "dance,sunglasses,abstract", "hide_strip": false}}, {"model": "l8pr.showsettings", "pk": 15, "fields": {"shuffle": false, "dj_layout": false, "giphy": true, "force_giphy": false, "giphy_tags": null, "hide_strip": false}}, {"model": "l8pr.showsettings", "pk": 16, "fields": {"shuffle": false, "dj_layout": true, "giphy": true, "force_giphy": false, "giphy_tags": "pattern,hard rock,abstract", "hide_strip": false}}, {"model": "l8pr.showsettings", "pk": 17, "fields": {"shuffle": false, "dj_layout": false, "giphy": true, "force_giphy": false, "giphy_tags": null, "hide_strip": false}}, {"model": "l8pr.showsettings", "pk": 18, "fields": {"shuffle": true, "dj_layout": false, "giphy": true, "force_giphy": false, "giphy_tags": "dance,sunglasses,abstract", "hide_strip": false}}, {"model": "l8pr.showsettings", "pk": 19, "fields": {"shuffle": false, "dj_layout": false, "giphy": true, "force_giphy": false, "giphy_tags": null, "hide_strip": false}}, {"model": "l8pr.showsettings", "pk": 20, "fields": {"shuffle": true, "dj_layout": false, "giphy": true, "force_giphy": false, "giphy_tags": null, "hide_strip": false}}, {"model": "l8pr.showsettings", "pk": 21, "fields": {"shuffle": true, "dj_layout": true, "giphy": true, "force_giphy": false, "giphy_tags": null, "hide_strip": true}}, {"model": "l8pr.showsettings", "pk": 22, "fields": {"shuffle": false, "dj_layout": true, "giphy": true, "force_giphy": false, "giphy_tags": "sponge-bob,sponge+bob", "hide_strip": false}}, {"model": "l8pr.showsettings", "pk": 23, "fields": {"shuffle": true, "dj_layout": false, "giphy": true, "force_giphy": false, "giphy_tags": null, "hide_strip": false}}, {"model": "l8pr.showsettings", "pk": 24, "fields": {"shuffle": false, "dj_layout": false, "giphy": true, "force_giphy": false, "giphy_tags": null, "hide_strip": false}}, {"model": "l8pr.showsettings", "pk": 25, "fields": {"shuffle": false, "dj_layout": false, "giphy": true, "force_giphy": false, "giphy_tags": "dance,sunglasses,abstract", "hide_strip": false}}, {"model": "l8pr.showsettings", "pk": 26, "fields": {"shuffle": true, "dj_layout": false, "giphy": true, "force_giphy": false, "giphy_tags": "kidmograph", "hide_strip": false}}, {"model": "l8pr.showsettings", "pk": 27, "fields": {"shuffle": true, "dj_layout": true, "giphy": true, "force_giphy": false, "giphy_tags": "Crazy", "hide_strip": true}}, {"model": "l8pr.showsettings", "pk": 28, "fields": {"shuffle": true, "dj_layout": true, "giphy": true, "force_giphy": false, "giphy_tags": "serge-gainsbourg,jane-birkin", "hide_strip": false}}, {"model": "l8pr.showsettings", "pk": 29, "fields": {"shuffle": true, "dj_layout": true, "giphy": true, "force_giphy": false, "giphy_tags": "japan,tokyo,otaku,sushi,ghibli,", "hide_strip": false}}, {"model": "l8pr.showsettings", "pk": 30, "fields": {"shuffle": false, "dj_layout": false, "giphy": true, "force_giphy": false, "giphy_tags": null, "hide_strip": false}}, {"model": "l8pr.showsettings", "pk": 31, "fields": {"shuffle": true, "dj_layout": false, "giphy": true, "force_giphy": false, "giphy_tags": null, "hide_strip": false}}, {"model": "l8pr.showsettings", "pk": 32, "fields": {"shuffle": false, "dj_layout": false, "giphy": true, "force_giphy": false, "giphy_tags": "dance,ghibli,justingammon,pattern,sunglasses,jeremy+sengly,jcvd,burger,loop,hook+movie,segawa+atsuki+illustration", "hide_strip": false}}, {"model": "l8pr.showsettings", "pk": 33, "fields": {"shuffle": false, "dj_layout": false, "giphy": true, "force_giphy": false, "giphy_tags": null, "hide_strip": false}}, {"model": "l8pr.showsettings", "pk": 34, "fields": {"shuffle": true, "dj_layout": false, "giphy": false, "force_giphy": false, "giphy_tags": null, "hide_strip": false}}, {"model": "l8pr.show", "pk": 2, "fields": {"user": 1, "added": "2016-06-28T21:15:15.104Z", "updated": "2016-06-28T21:15:15.104Z", "title": "Trailers", "description": null, "settings": 2}}, {"model": "l8pr.show", "pk": 3, "fields": {"user": 1, "added": "2016-06-28T21:15:15.163Z", "updated": "2016-06-28T21:15:15.163Z", "title": "Live Music", "description": null, "settings": 3}}, {"model": "l8pr.show", "pk": 10, "fields": {"user": 1, "added": "2016-06-28T21:15:16.430Z", "updated": "2016-06-28T21:15:16.431Z", "title": "Entertainment", "description": null, "settings": 10}}, {"model": "l8pr.show", "pk": 11, "fields": {"user": 1, "added": "2016-06-28T21:15:16.642Z", "updated": "2016-06-28T21:15:16.642Z", "title": "SLWX", "description": null, "settings": 11}}, {"model": "l8pr.show", "pk": 19, "fields": {"user": 2, "added": "2016-06-28T21:15:19.591Z", "updated": "2016-06-28T21:15:19.592Z", "title": "Docu", "description": null, "settings": 19}}, {"model": "l8pr.show", "pk": 21, "fields": {"user": 2, "added": "2016-06-28T21:15:27.301Z", "updated": "2016-06-28T21:15:27.301Z", "title": "Beau", "description": null, "settings": 21}}, {"model": "l8pr.show", "pk": 25, "fields": {"user": 2, "added": "2016-06-28T21:15:30.430Z", "updated": "2016-06-28T21:15:30.431Z", "title": "TV", "description": null, "settings": 25}}, {"model": "l8pr.show", "pk": 28, "fields": {"user": 2, "added": "2016-06-28T21:15:33.938Z", "updated": "2016-06-28T21:15:33.938Z", "title": "GainsB.", "description": null, "settings": 28}}, {"model": "l8pr.itemsrelationship", "pk": 7, "fields": {"item": 7, "show": 2, "order": 0}}, {"model": "l8pr.itemsrelationship", "pk": 8, "fields": {"item": 8, "show": 3, "order": 0}}, {"model": "l8pr.itemsrelationship", "pk": 9, "fields": {"item": 9, "show": 3, "order": 1}}, {"model": "l8pr.itemsrelationship", "pk": 10, "fields": {"item": 10, "show": 3, "order": 2}}, {"model": "l8pr.itemsrelationship", "pk": 11, "fields": {"item": 11, "show": 3, "order": 3}}, {"model": "l8pr.itemsrelationship", "pk": 12, "fields": {"item": 12, "show": 3, "order": 4}}, {"model": "l8pr.itemsrelationship", "pk": 32, "fields": {"item": 32, "show": 10, "order": 0}}, {"model": "l8pr.itemsrelationship", "pk": 33, "fields": {"item": 33, "show": 10, "order": 1}}, {"model": "l8pr.itemsrelationship", "pk": 34, "fields": {"item": 34, "show": 10, "order": 2}}, {"model": "l8pr.itemsrelationship", "pk": 35, "fields": {"item": 35, "show": 10, "order": 3}}, {"model": "l8pr.itemsrelationship", "pk": 36, "fields": {"item": 36, "show": 10, "order": 4}}, {"model": "l8pr.itemsrelationship", "pk": 37, "fields": {"item": 37, "show": 10, "order": 5}}, {"model": "l8pr.itemsrelationship", "pk": 38, "fields": {"item": 38, "show": 11, "order": 0}}, {"model": "l8pr.itemsrelationship", "pk": 39, "fields": {"item": 39, "show": 11, "order": 1}}, {"model": "l8pr.itemsrelationship", "pk": 40, "fields": {"item": 40, "show": 11, "order": 2}}, {"model": "l8pr.itemsrelationship", "pk": 41, "fields": {"item": 41, "show": 11, "order": 3}}, {"model": "l8pr.itemsrelationship", "pk": 42, "fields": {"item": 42, "show": 11, "order": 4}}, {"model": "l8pr.itemsrelationship", "pk": 43, "fields": {"item": 43, "show": 11, "order": 5}}, {"model": "l8pr.itemsrelationship", "pk": 44, "fields": {"item": 44, "show": 11, "order": 6}}, {"model": "l8pr.itemsrelationship", "pk": 45, "fields": {"item": 45, "show": 11, "order": 7}}, {"model": "l8pr.itemsrelationship", "pk": 46, "fields": {"item": 46, "show": 11, "order": 8}}, {"model": "l8pr.itemsrelationship", "pk": 91, "fields": {"item": 91, "show": 19, "order": 0}}, {"model": "l8pr.itemsrelationship", "pk": 92, "fields": {"item": 92, "show": 19, "order": 1}}, {"model": "l8pr.itemsrelationship", "pk": 93, "fields": {"item": 93, "show": 19, "order": 2}}, {"model": "l8pr.itemsrelationship", "pk": 94, "fields": {"item": 94, "show": 19, "order": 3}}, {"model": "l8pr.itemsrelationship", "pk": 95, "fields": {"item": 95, "show": 19, "order": 4}}, {"model": "l8pr.itemsrelationship", "pk": 96, "fields": {"item": 96, "show": 19, "order": 5}}, {"model": "l8pr.itemsrelationship", "pk": 97, "fields": {"item": 97, "show": 19, "order": 6}}, {"model": "l8pr.itemsrelationship", "pk": 98, "fields": {"item": 98, "show": 19, "order": 7}}, {"model": "l8pr.itemsrelationship", "pk": 99, "fields": {"item": 99, "show": 19, "order": 8}}, {"model": "l8pr.itemsrelationship", "pk": 100, "fields": {"item": 100, "show": 19, "order": 9}}, {"model": "l8pr.itemsrelationship", "pk": 101, "fields": {"item": 101, "show": 19, "order": 10}}, {"model": "l8pr.itemsrelationship", "pk": 102, "fields": {"item": 102, "show": 19, "order": 11}}, {"model": "l8pr.itemsrelationship", "pk": 103, "fields": {"item": 103, "show": 19, "order": 12}}, {"model": "l8pr.itemsrelationship", "pk": 104, "fields": {"item": 104, "show": 19, "order": 13}}, {"model": "l8pr.itemsrelationship", "pk": 105, "fields": {"item": 105, "show": 19, "order": 14}}, {"model": "l8pr.itemsrelationship", "pk": 106, "fields": {"item": 106, "show": 19, "order": 15}}, {"model": "l8pr.itemsrelationship", "pk": 107, "fields": {"item": 107, "show": 19, "order": 16}}, {"model": "l8pr.itemsrelationship", "pk": 108, "fields": {"item": 108, "show": 19, "order": 17}}, {"model": "l8pr.itemsrelationship", "pk": 109, "fields": {"item": 109, "show": 19, "order": 18}}, {"model": "l8pr.itemsrelationship", "pk": 110, "fields": {"item": 110, "show": 19, "order": 19}}, {"model": "l8pr.itemsrelationship", "pk": 111, "fields": {"item": 111, "show": 19, "order": 20}}, {"model": "l8pr.itemsrelationship", "pk": 112, "fields": {"item": 112, "show": 19, "order": 21}}, {"model": "l8pr.itemsrelationship", "pk": 113, "fields": {"item": 113, "show": 19, "order": 22}}, {"model": "l8pr.itemsrelationship", "pk": 114, "fields": {"item": 114, "show": 19, "order": 23}}, {"model": "l8pr.itemsrelationship", "pk": 115, "fields": {"item": 115, "show": 19, "order": 24}}, {"model": "l8pr.itemsrelationship", "pk": 116, "fields": {"item": 116, "show": 19, "order": 25}}, {"model": "l8pr.itemsrelationship", "pk": 117, "fields": {"item": 117, "show": 19, "order": 26}}, {"model": "l8pr.itemsrelationship", "pk": 118, "fields": {"item": 118, "show": 19, "order": 27}}, {"model": "l8pr.itemsrelationship", "pk": 119, "fields": {"item": 119, "show": 19, "order": 28}}, {"model": "l8pr.itemsrelationship", "pk": 120, "fields": {"item": 120, "show": 19, "order": 29}}, {"model": "l8pr.itemsrelationship", "pk": 121, "fields": {"item": 121, "show": 19, "order": 30}}, {"model": "l8pr.itemsrelationship", "pk": 122, "fields": {"item": 122, "show": 19, "order": 31}}, {"model": "l8pr.itemsrelationship", "pk": 252, "fields": {"item": 252, "show": 21, "order": 0}}, {"model": "l8pr.itemsrelationship", "pk": 253, "fields": {"item": 253, "show": 21, "order": 1}}, {"model": "l8pr.itemsrelationship", "pk": 254, "fields": {"item": 254, "show": 21, "order": 2}}, {"model": "l8pr.itemsrelationship", "pk": 255, "fields": {"item": 255, "show": 21, "order": 3}}, {"model": "l8pr.itemsrelationship", "pk": 256, "fields": {"item": 256, "show": 21, "order": 4}}, {"model": "l8pr.itemsrelationship", "pk": 257, "fields": {"item": 257, "show": 21, "order": 5}}, {"model": "l8pr.itemsrelationship", "pk": 258, "fields": {"item": 258, "show": 21, "order": 6}}, {"model": "l8pr.itemsrelationship", "pk": 259, "fields": {"item": 259, "show": 21, "order": 7}}, {"model": "l8pr.itemsrelationship", "pk": 260, "fields": {"item": 260, "show": 21, "order": 8}}, {"model": "l8pr.itemsrelationship", "pk": 261, "fields": {"item": 261, "show": 21, "order": 9}}, {"model": "l8pr.itemsrelationship", "pk": 262, "fields": {"item": 262, "show": 21, "order": 10}}, {"model": "l8pr.itemsrelationship", "pk": 263, "fields": {"item": 263, "show": 21, "order": 11}}, {"model": "l8pr.itemsrelationship", "pk": 264, "fields": {"item": 264, "show": 21, "order": 12}}, {"model": "l8pr.itemsrelationship", "pk": 265, "fields": {"item": 265, "show": 21, "order": 13}}, {"model": "l8pr.itemsrelationship", "pk": 266, "fields": {"item": 266, "show": 21, "order": 14}}, {"model": "l8pr.itemsrelationship", "pk": 267, "fields": {"item": 267, "show": 21, "order": 15}}, {"model": "l8pr.itemsrelationship", "pk": 268, "fields": {"item": 268, "show": 21, "order": 16}}, {"model": "l8pr.itemsrelationship", "pk": 269, "fields": {"item": 269, "show": 21, "order": 17}}, {"model": "l8pr.itemsrelationship", "pk": 270, "fields": {"item": 270, "show": 21, "order": 18}}, {"model": "l8pr.itemsrelationship", "pk": 271, "fields": {"item": 271, "show": 21, "order": 19}}, {"model": "l8pr.itemsrelationship", "pk": 272, "fields": {"item": 272, "show": 21, "order": 20}}, {"model": "l8pr.itemsrelationship", "pk": 319, "fields": {"item": 319, "show": 25, "order": 0}}, {"model": "l8pr.itemsrelationship", "pk": 402, "fields": {"item": 402, "show": 28, "order": 0}}, {"model": "l8pr.itemsrelationship", "pk": 403, "fields": {"item": 403, "show": 28, "order": 1}}, {"model": "l8pr.itemsrelationship", "pk": 404, "fields": {"item": 404, "show": 28, "order": 2}}, {"model": "l8pr.itemsrelationship", "pk": 405, "fields": {"item": 405, "show": 28, "order": 3}}, {"model": "l8pr.itemsrelationship", "pk": 406, "fields": {"item": 406, "show": 28, "order": 4}}, {"model": "l8pr.itemsrelationship", "pk": 407, "fields": {"item": 407, "show": 28, "order": 5}}, {"model": "l8pr.itemsrelationship", "pk": 408, "fields": {"item": 408, "show": 28, "order": 6}}, {"model": "l8pr.itemsrelationship", "pk": 409, "fields": {"item": 409, "show": 28, "order": 7}}, {"model": "l8pr.itemsrelationship", "pk": 410, "fields": {"item": 410, "show": 28, "order": 8}}, {"model": "l8pr.itemsrelationship", "pk": 411, "fields": {"item": 411, "show": 28, "order": 9}}, {"model": "l8pr.itemsrelationship", "pk": 412, "fields": {"item": 412, "show": 28, "order": 10}}, {"model": "l8pr.itemsrelationship", "pk": 413, "fields": {"item": 413, "show": 28, "order": 11}}, {"model": "l8pr.itemsrelationship", "pk": 414, "fields": {"item": 414, "show": 28, "order": 12}}, {"model": "l8pr.itemsrelationship", "pk": 415, "fields": {"item": 415, "show": 28, "order": 13}}, {"model": "l8pr.itemsrelationship", "pk": 416, "fields": {"item": 416, "show": 28, "order": 14}}, {"model": "l8pr.itemsrelationship", "pk": 417, "fields": {"item": 417, "show": 28, "order": 15}}, {"model": "l8pr.itemsrelationship", "pk": 418, "fields": {"item": 418, "show": 28, "order": 16}}, {"model": "l8pr.itemsrelationship", "pk": 419, "fields": {"item": 419, "show": 28, "order": 17}}, {"model": "l8pr.item", "pk": 7, "fields": {"title": "THE UNCONDEMNED HD", "description": null, "author_name": "FilmAt11tv", "thumbnail": "https://i.ytimg.com/vi/TKGFWAT2WME/hqdefault.jpg", "provider_name": "YouTube", "html": "\n<div class=\"noembed-embed \">\n  <div class=\"noembed-wrapper\">\n    \n<div class=\"noembed-embed-inner noembed-youtube\">\n  \n<iframe width=\" 480\" height=\"270\" src=\"https://www.youtube.com/embed/TKGFWAT2WME?feature=oembed\" frameborder=\"0\" allowfullscreen></iframe>\n\n</div>\n\n    <table class=\"noembed-meta-info\">\n      <tr>\n        <td class=\"favicon\"><img src=\"https://noembed.com/favicon/YouTube.png\"></td>\n        <td>YouTube</td>\n        <td align=\"right\">\n          <a title=\"https://www.youtube.com/watch?v=TKGFWAT2WME\" href=\"https://www.youtube.com/watch?v=TKGFWAT2WME\">https://www.youtube.com/watch?v=TKGFWAT2WME</a>\n        </td>\n      </tr>\n    </table>\n  </div>\n</div>\n", "duration": 174, "url": "https://www.youtube.com/watch?v=TKGFWAT2WME", "added": "2016-06-28T21:15:15.131Z", "updated": "2016-06-28T21:15:15.131Z"}}, {"model": "l8pr.item", "pk": 8, "fields": {"title": "Black Metal Chopin \"Prelude in E-Minor\" | MetalSucks", "description": null, "author_name": "MetalSucks", "thumbnail": "https://i.ytimg.com/vi/wp_JrDkNrAY/hqdefault.jpg", "provider_name": "YouTube", "html": "\n<div class=\"noembed-embed \">\n  <div class=\"noembed-wrapper\">\n    \n<div class=\"noembed-embed-inner noembed-youtube\">\n  \n<iframe width=\" 480\" height=\"270\" src=\"https://www.youtube.com/embed/wp_JrDkNrAY?feature=oembed\" frameborder=\"0\" allowfullscreen=\"allowfullscreen\"></iframe>\n\n</div>\n\n    <table class=\"noembed-meta-info\">\n      <tr>\n        <td>YouTube</td>\n        <td align=\"right\">\n          <a title=\"https://www.youtube.com/watch?v=wp_JrDkNrAY\" href=\"https://www.youtube.com/watch?v=wp_JrDkNrAY\">https://www.youtube.com/watch?v=wp_JrDkNrAY</a>\n        </td>\n      </tr>\n    </table>\n  </div>\n</div>\n", "duration": 124, "url": "https://www.youtube.com/watch?v=wp_JrDkNrAY", "added": "2016-06-28T21:15:15.192Z", "updated": "2016-06-28T21:15:15.192Z"}}, {"model": "l8pr.item", "pk": 9, "fields": {"title": "Kendrick Lamar Performs On Late Show with Stephen Colbert", "description": null, "author_name": "Sound Flaw", "thumbnail": "https://i.ytimg.com/vi/oS0geQsfcHk/hqdefault.jpg", "provider_name": "YouTube", "html": "\n<div class=\"noembed-embed \">\n  <div class=\"noembed-wrapper\">\n    \n<div class=\"noembed-embed-inner noembed-youtube\">\n  \n<iframe width=\" 480\" height=\"270\" src=\"https://www.youtube.com/embed/oS0geQsfcHk?feature=oembed\" frameborder=\"0\" allowfullscreen></iframe>\n\n</div>\n\n    <table class=\"noembed-meta-info\">\n      <tr>\n        <td class=\"favicon\"><img src=\"https://noembed.com/favicon/YouTube.png\"></td>\n        <td>YouTube</td>\n        <td align=\"right\">\n          <a title=\"https://www.youtube.com/watch?v=oS0geQsfcHk\" href=\"https://www.youtube.com/watch?v=oS0geQsfcHk\">https://www.youtube.com/watch?v=oS0geQsfcHk</a>\n        </td>\n      </tr>\n    </table>\n  </div>\n</div>\n", "duration": 282, "url": "https://www.youtube.com/watch?v=oS0geQsfcHk", "added": "2016-06-28T21:15:15.215Z", "updated": "2016-06-28T21:15:15.215Z"}}, {"model": "l8pr.item", "pk": 10, "fields": {"title": "Tom Browne - Funkin' for Jamaica", "description": null, "author_name": "Claude Klauss", "thumbnail": "https://i.ytimg.com/vi/gMZtDvyxXE4/hqdefault.jpg", "provider_name": "YouTube", "html": "\n<div class=\"noembed-embed \">\n  <div class=\"noembed-wrapper\">\n    \n<div class=\"noembed-embed-inner noembed-youtube\">\n  \n<iframe width=\" 480\" height=\"270\" src=\"https://www.youtube.com/embed/gMZtDvyxXE4?feature=oembed\" frameborder=\"0\" allowfullscreen></iframe>\n\n</div>\n\n    <table class=\"noembed-meta-info\">\n      <tr>\n        <td class=\"favicon\"><img src=\"https://noembed.com/favicon/YouTube.png\"></td>\n        <td>YouTube</td>\n        <td align=\"right\">\n          <a title=\"https://www.youtube.com/watch?v=gMZtDvyxXE4\" href=\"https://www.youtube.com/watch?v=gMZtDvyxXE4\">https://www.youtube.com/watch?v=gMZtDvyxXE4</a>\n        </td>\n      </tr>\n    </table>\n  </div>\n</div>\n", "duration": 233, "url": "https://www.youtube.com/watch?v=gMZtDvyxXE4", "added": "2016-06-28T21:15:15.242Z", "updated": "2016-06-28T21:15:15.242Z"}}, {"model": "l8pr.item", "pk": 11, "fields": {"title": "Dire Straits TV-HD - Rockpalast - 1979", "description": null, "author_name": "looping800", "thumbnail": "https://i.ytimg.com/vi/vVDgZaOpYfA/hqdefault.jpg", "provider_name": "YouTube", "html": null, "duration": 5076, "url": "https://www.youtube.com/watch?v=vVDgZaOpYfA", "added": "2016-06-28T21:15:15.266Z", "updated": "2016-06-28T21:15:15.266Z"}}, {"model": "l8pr.item", "pk": 12, "fields": {"title": "Thunderstruck by Steve'n'Seagulls (LIVE)", "description": null, "author_name": "Steve Seagulls", "thumbnail": "https://i.ytimg.com/vi/e4Ao-iNPPUc/hqdefault.jpg", "provider_name": "YouTube", "html": "\n<div class=\"noembed-embed \">\n  <div class=\"noembed-wrapper\">\n    \n<div class=\"noembed-embed-inner noembed-youtube\">\n  \n<iframe width=\" 480\" height=\"270\" src=\"https://www.youtube.com/embed/e4Ao-iNPPUc?feature=oembed\" frameborder=\"0\" allowfullscreen></iframe>\n\n</div>\n\n    <table class=\"noembed-meta-info\">\n      <tr>\n        <td class=\"favicon\"><img src=\"https://noembed.com/favicon/YouTube.png\"></td>\n        <td>YouTube</td>\n        <td align=\"right\">\n          <a title=\"https://www.youtube.com/watch?v=e4Ao-iNPPUc\" href=\"https://www.youtube.com/watch?v=e4Ao-iNPPUc\">https://www.youtube.com/watch?v=e4Ao-iNPPUc</a>\n        </td>\n      </tr>\n    </table>\n  </div>\n</div>\n", "duration": 247, "url": "https://www.youtube.com/watch?v=e4Ao-iNPPUc", "added": "2016-06-28T21:15:15.294Z", "updated": "2016-06-28T21:15:15.294Z"}}, {"model": "l8pr.item", "pk": 32, "fields": {"title": "Rhabarberbarbara", "description": null, "author_name": "winmic7", "thumbnail": "https://i.ytimg.com/vi/gG62zay3kck/hqdefault.jpg", "provider_name": "YouTube", "html": "\n<div class=\"noembed-embed \">\n  <div class=\"noembed-wrapper\">\n    \n<div class=\"noembed-embed-inner noembed-youtube\">\n  \n<iframe width=\" 480\" height=\"270\" src=\"https://www.youtube.com/embed/gG62zay3kck?feature=oembed\" frameborder=\"0\" allowfullscreen></iframe>\n\n</div>\n\n    <table class=\"noembed-meta-info\">\n      <tr>\n        <td class=\"favicon\"><img src=\"https://noembed.com/favicon/YouTube.png\"></td>\n        <td>YouTube</td>\n        <td align=\"right\">\n          <a title=\"https://www.youtube.com/watch?v=gG62zay3kck\" href=\"https://www.youtube.com/watch?v=gG62zay3kck\">https://www.youtube.com/watch?v=gG62zay3kck</a>\n        </td>\n      </tr>\n    </table>\n  </div>\n</div>\n", "duration": 130, "url": "https://www.youtube.com/watch?v=gG62zay3kck", "added": "2016-06-28T21:15:16.459Z", "updated": "2016-06-28T21:15:16.459Z"}}, {"model": "l8pr.item", "pk": 33, "fields": {"title": "\u4fdd\u9f61\u7403 \u8ab0\u80fd\u8207\u4ed6\u6bd4.... \u7403\u795e ? When you get too bored at bowling. Impressive trick shots \u7576\u4f60\u611f\u5230\u592a\u53ad\u7169\u6253\u4fdd\u9f61\u7403\u3002\u4ee4\u4eba\u5370\u8c61\u6df1\u523b\u7684\u4f0e\u80fd\u62cd\u651d", "description": null, "author_name": "Lin Ruben", "thumbnail": "https://i.ytimg.com/vi/LllUpJoFCSc/hqdefault.jpg", "provider_name": "YouTube", "html": "\n<div class=\"noembed-embed \">\n  <div class=\"noembed-wrapper\">\n    \n<div class=\"noembed-embed-inner noembed-youtube\">\n  \n<iframe width=\" 459\" height=\"344\" src=\"https://www.youtube.com/embed/LllUpJoFCSc?feature=oembed\" frameborder=\"0\" allowfullscreen></iframe>\n\n</div>\n\n    <table class=\"noembed-meta-info\">\n      <tr>\n        <td class=\"favicon\"><img src=\"https://noembed.com/favicon/YouTube.png\"></td>\n        <td>YouTube</td>\n        <td align=\"right\">\n          <a title=\"https://www.youtube.com/watch?v=LllUpJoFCSc\" href=\"https://www.youtube.com/watch?v=LllUpJoFCSc\">https://www.youtube.com/watch?v=LllUpJoFCSc</a>\n        </td>\n      </tr>\n    </table>\n  </div>\n</div>\n", "duration": 510, "url": "https://www.youtube.com/watch?v=LllUpJoFCSc", "added": "2016-06-28T21:15:16.489Z", "updated": "2016-06-28T21:15:16.489Z"}}, {"model": "l8pr.item", "pk": 34, "fields": {"title": "Complete History Of The Soviet Union, Arranged To The Melody Of Tetris", "description": null, "author_name": "pigwiththefaceofaboy", "thumbnail": "https://i.ytimg.com/vi/hWTFG3J1CP8/hqdefault.jpg", "provider_name": "YouTube", "html": "\n<div class=\"noembed-embed \">\n  <div class=\"noembed-wrapper\">\n    \n<div class=\"noembed-embed-inner noembed-youtube\">\n  \n<iframe width=\" 480\" height=\"270\" src=\"https://www.youtube.com/embed/hWTFG3J1CP8?feature=oembed\" frameborder=\"0\" allowfullscreen></iframe>\n\n</div>\n\n    <table class=\"noembed-meta-info\">\n      <tr>\n        <td class=\"favicon\"><img src=\"https://noembed.com/favicon/YouTube.png\"></td>\n        <td>YouTube</td>\n        <td align=\"right\">\n          <a title=\"https://www.youtube.com/watch?v=hWTFG3J1CP8\" href=\"https://www.youtube.com/watch?v=hWTFG3J1CP8\">https://www.youtube.com/watch?v=hWTFG3J1CP8</a>\n        </td>\n      </tr>\n    </table>\n  </div>\n</div>\n", "duration": 408, "url": "https://www.youtube.com/watch?v=hWTFG3J1CP8", "added": "2016-06-28T21:15:16.516Z", "updated": "2016-06-28T21:15:16.517Z"}}, {"model": "l8pr.item", "pk": 35, "fields": {"title": "A ride on the roof of the metro train | \u041f\u043e\u0435\u0437\u0434\u043a\u0430 \u043d\u0430 \u043a\u0440\u044b\u0448\u0435 \u043c\u0435\u0442\u0440\u043e", "description": null, "author_name": "\u041f\u0430\u0448\u0430 \u0411\u0443\u043c\u0447\u0438\u043a", "thumbnail": "https://i.ytimg.com/vi/w3c67AYl0rM/hqdefault.jpg", "provider_name": "YouTube", "html": "\n<div class=\"noembed-embed \">\n  <div class=\"noembed-wrapper\">\n    \n<div class=\"noembed-embed-inner noembed-youtube\">\n  \n<iframe width=\" 480\" height=\"270\" src=\"https://www.youtube.com/embed/w3c67AYl0rM?feature=oembed\" frameborder=\"0\" allowfullscreen></iframe>\n\n</div>\n\n    <table class=\"noembed-meta-info\">\n      <tr>\n        <td class=\"favicon\"><img src=\"https://noembed.com/favicon/YouTube.png\"></td>\n        <td>YouTube</td>\n        <td align=\"right\">\n          <a title=\"https://www.youtube.com/watch?v=w3c67AYl0rM\" href=\"https://www.youtube.com/watch?v=w3c67AYl0rM\">https://www.youtube.com/watch?v=w3c67AYl0rM</a>\n        </td>\n      </tr>\n    </table>\n  </div>\n</div>\n", "duration": 272, "url": "https://www.youtube.com/watch?v=w3c67AYl0rM", "added": "2016-06-28T21:15:16.543Z", "updated": "2016-06-28T21:15:16.544Z"}}, {"model": "l8pr.item", "pk": 36, "fields": {"title": "CHEST-BRAS", "description": null, "author_name": "CHESTBRAS", "thumbnail": "https://i.ytimg.com/vi/InMJopurNTE/hqdefault.jpg", "provider_name": "YouTube", "html": null, "duration": 59, "url": "https://www.youtube.com/watch?v=InMJopurNTE", "added": "2016-06-28T21:15:16.570Z", "updated": "2016-06-28T21:15:16.570Z"}}, {"model": "l8pr.item", "pk": 37, "fields": {"title": "High-Tech Camel Races | Wild Arabia", "description": null, "author_name": "Animal Planet", "thumbnail": "https://i.ytimg.com/vi/mVusrd1jXqc/hqdefault.jpg", "provider_name": "YouTube", "html": null, "duration": 153, "url": "https://www.youtube.com/watch?v=mVusrd1jXqc", "added": "2016-06-28T21:15:16.596Z", "updated": "2016-06-28T21:15:16.596Z"}}, {"model": "l8pr.item", "pk": 38, "fields": {"title": "Pulp - After You (Soulwax Remix) HQ by Soulwax Rarities", "description": null, "author_name": "Soulwax Rarities", "thumbnail": "http://i1.sndcdn.com/artworks-000045559533-txyvdr-t500x500.jpg", "provider_name": "SoundCloud", "html": "\n<div class=\"noembed-embed \">\n  <div class=\"noembed-wrapper\">\n    \n<div class=\"noembed-embed-inner noembed-soundcloud\">\n  <iframe width=\"100%\" height=\"400\" scrolling=\"no\" frameborder=\"no\" src=\"https://w.soundcloud.com/player/?visual=true&url=http%3A%2F%2Fapi.soundcloud.com%2Ftracks%2F87967780&show_artwork=true&in=benetco%2Fsets%2Fslwx\"></iframe>\n</div>\n\n    <table class=\"noembed-meta-info\">\n      <tr>\n        <td class=\"favicon\"><img src=\"https://noembed.com/favicon/SoundCloud.png\"></td>\n        <td>SoundCloud</td>\n        <td align=\"right\">\n          <a title=\"https://soundcloud.com/soulwax-rarities/pulp-after-you-soulwax-remix-hq?in=benetco/sets/slwx\" href=\"https://soundcloud.com/soulwax-rarities/pulp-after-you-soulwax-remix-hq?in=benetco/sets/slwx\">https://soundcloud.com/soulwax-rarities/pulp-after</a>\n        </td>\n      </tr>\n    </table>\n  </div>\n</div>\n", "duration": 371, "url": "https://soundcloud.com/soulwax-rarities/pulp-after-you-soulwax-remix-hq?in=benetco/sets/slwx", "added": "2016-06-28T21:15:16.667Z", "updated": "2016-06-28T21:15:16.667Z"}}, {"model": "l8pr.item", "pk": 39, "fields": {"title": "SYNRISE - SOULWAX REMIX by GOOSE", "description": null, "author_name": "GOOSE", "thumbnail": "http://i1.sndcdn.com/artworks-000050310237-wlru8o-t500x500.jpg", "provider_name": "SoundCloud", "html": "\n<div class=\"noembed-embed \">\n  <div class=\"noembed-wrapper\">\n    \n<div class=\"noembed-embed-inner noembed-soundcloud\">\n  <iframe width=\"100%\" height=\"400\" scrolling=\"no\" frameborder=\"no\" src=\"https://w.soundcloud.com/player/?visual=true&url=http%3A%2F%2Fapi.soundcloud.com%2Ftracks%2F96387741&show_artwork=true&in=benetco%2Fsets%2Fslwx\"></iframe>\n</div>\n\n    <table class=\"noembed-meta-info\">\n      <tr>\n        <td class=\"favicon\"><img src=\"https://noembed.com/favicon/SoundCloud.png\"></td>\n        <td>SoundCloud</td>\n        <td align=\"right\">\n          <a title=\"https://soundcloud.com/goosemusic/synrise-soulwax-remix?in=benetco/sets/slwx\" href=\"https://soundcloud.com/goosemusic/synrise-soulwax-remix?in=benetco/sets/slwx\">https://soundcloud.com/goosemusic/synrise-soulwax-</a>\n        </td>\n      </tr>\n    </table>\n  </div>\n</div>\n", "duration": 222, "url": "https://soundcloud.com/goosemusic/synrise-soulwax-remix?in=benetco/sets/slwx", "added": "2016-06-28T21:15:16.692Z", "updated": "2016-06-28T21:15:16.692Z"}}, {"model": "l8pr.item", "pk": 40, "fields": {"title": "Pulp - After You (Soulwax Remix) HQ by Soulwax Rarities", "description": null, "author_name": "Soulwax Rarities", "thumbnail": "http://i1.sndcdn.com/artworks-000045559533-txyvdr-t500x500.jpg", "provider_name": "SoundCloud", "html": "\n<div class=\"noembed-embed \">\n  <div class=\"noembed-wrapper\">\n    \n<div class=\"noembed-embed-inner noembed-soundcloud\">\n  <iframe width=\"100%\" height=\"400\" scrolling=\"no\" frameborder=\"no\" src=\"https://w.soundcloud.com/player/?visual=true&url=http%3A%2F%2Fapi.soundcloud.com%2Ftracks%2F87967780&show_artwork=true&in=benetco%2Fsets%2Fslwx\"></iframe>\n</div>\n\n    <table class=\"noembed-meta-info\">\n      <tr>\n        <td class=\"favicon\"><img src=\"https://noembed.com/favicon/SoundCloud.png\"></td>\n        <td>SoundCloud</td>\n        <td align=\"right\">\n          <a title=\"https://soundcloud.com/soulwax-rarities/pulp-after-you-soulwax-remix-hq?in=benetco/sets/slwx\" href=\"https://soundcloud.com/soulwax-rarities/pulp-after-you-soulwax-remix-hq?in=benetco/sets/slwx\">https://soundcloud.com/soulwax-rarities/pulp-after</a>\n        </td>\n      </tr>\n    </table>\n  </div>\n</div>\n", "duration": 371, "url": "https://soundcloud.com/soulwax-rarities/pulp-after-you-soulwax-remix-hq?in=benetco/sets/slwx", "added": "2016-06-28T21:15:16.718Z", "updated": "2016-06-28T21:15:16.718Z"}}, {"model": "l8pr.item", "pk": 41, "fields": {"title": "Krack (Nite Version) by soulwax", "description": null, "author_name": "soulwax", "thumbnail": "http://i1.sndcdn.com/artworks-000004366685-x5u8lv-t500x500.jpg", "provider_name": "SoundCloud", "html": "\n<div class=\"noembed-embed \">\n  <div class=\"noembed-wrapper\">\n    \n<div class=\"noembed-embed-inner noembed-soundcloud\">\n  <iframe width=\"100%\" height=\"400\" scrolling=\"no\" frameborder=\"no\" src=\"https://w.soundcloud.com/player/?visual=true&url=http%3A%2F%2Fapi.soundcloud.com%2Ftracks%2F9593668&show_artwork=true&in=benetco%2Fsets%2Fslwx\"></iframe>\n</div>\n\n    <table class=\"noembed-meta-info\">\n      <tr>\n        <td class=\"favicon\"><img src=\"https://noembed.com/favicon/SoundCloud.png\"></td>\n        <td>SoundCloud</td>\n        <td align=\"right\">\n          <a title=\"https://soundcloud.com/soulwaxofficial/krack-nite-version?in=benetco/sets/slwx\" href=\"https://soundcloud.com/soulwaxofficial/krack-nite-version?in=benetco/sets/slwx\">https://soundcloud.com/soulwaxofficial/krack-nite-</a>\n        </td>\n      </tr>\n    </table>\n  </div>\n</div>\n", "duration": 325, "url": "https://soundcloud.com/soulwaxofficial/krack-nite-version?in=benetco/sets/slwx", "added": "2016-06-28T21:15:16.745Z", "updated": "2016-06-28T21:15:16.745Z"}}, {"model": "l8pr.item", "pk": 42, "fields": {"title": "Late Of The Pier - Best In Class (Soulwax Remix) by Phantasy Sound", "description": null, "author_name": "Phantasy Sound", "thumbnail": "http://i1.sndcdn.com/artworks-000002133352-hjxzm3-t500x500.jpg", "provider_name": "SoundCloud", "html": "\n<div class=\"noembed-embed \">\n  <div class=\"noembed-wrapper\">\n    \n<div class=\"noembed-embed-inner noembed-soundcloud\">\n  <iframe width=\"100%\" height=\"400\" scrolling=\"no\" frameborder=\"no\" src=\"https://w.soundcloud.com/player/?visual=true&url=http%3A%2F%2Fapi.soundcloud.com%2Ftracks%2F4642443&show_artwork=true&in=benetco%2Fsets%2Fslwx\"></iframe>\n</div>\n\n    <table class=\"noembed-meta-info\">\n      <tr>\n        <td class=\"favicon\"><img src=\"https://noembed.com/favicon/SoundCloud.png\"></td>\n        <td>SoundCloud</td>\n        <td align=\"right\">\n          <a title=\"https://soundcloud.com/phantasysound/best-in-class-soulwax-remix?in=benetco/sets/slwx\" href=\"https://soundcloud.com/phantasysound/best-in-class-soulwax-remix?in=benetco/sets/slwx\">https://soundcloud.com/phantasysound/best-in-class</a>\n        </td>\n      </tr>\n    </table>\n  </div>\n</div>\n", "duration": 157, "url": "https://soundcloud.com/phantasysound/best-in-class-soulwax-remix?in=benetco/sets/slwx", "added": "2016-06-28T21:15:16.775Z", "updated": "2016-06-28T21:15:16.775Z"}}, {"model": "l8pr.item", "pk": 43, "fields": {"title": "Kolk - Uma (Soulwax Remix) HQ CD-Rip by Soulwax Rarities", "description": null, "author_name": "Soulwax Rarities", "thumbnail": "http://i1.sndcdn.com/artworks-000055967012-5vegw4-t500x500.jpg", "provider_name": "SoundCloud", "html": "\n<div class=\"noembed-embed \">\n  <div class=\"noembed-wrapper\">\n    \n<div class=\"noembed-embed-inner noembed-soundcloud\">\n  <iframe width=\"100%\" height=\"400\" scrolling=\"no\" frameborder=\"no\" src=\"https://w.soundcloud.com/player/?visual=true&url=http%3A%2F%2Fapi.soundcloud.com%2Ftracks%2F106700097&show_artwork=true&in=benetco%2Fsets%2Fslwx\"></iframe>\n</div>\n\n    <table class=\"noembed-meta-info\">\n      <tr>\n        <td class=\"favicon\"><img src=\"https://noembed.com/favicon/SoundCloud.png\"></td>\n        <td>SoundCloud</td>\n        <td align=\"right\">\n          <a title=\"https://soundcloud.com/soulwax-rarities/kolk-uma-soulwax-remix-hq-cd?in=benetco/sets/slwx\" href=\"https://soundcloud.com/soulwax-rarities/kolk-uma-soulwax-remix-hq-cd?in=benetco/sets/slwx\">https://soundcloud.com/soulwax-rarities/kolk-uma-s</a>\n        </td>\n      </tr>\n    </table>\n  </div>\n</div>\n", "duration": 327, "url": "https://soundcloud.com/soulwax-rarities/kolk-uma-soulwax-remix-hq-cd?in=benetco/sets/slwx", "added": "2016-06-28T21:15:16.802Z", "updated": "2016-06-28T21:15:16.802Z"}}, {"model": "l8pr.item", "pk": 44, "fields": {"title": "Gorillaz DARE (Soulwax Remix) by princesskhym", "description": null, "author_name": "princesskhym", "thumbnail": "http://a1.sndcdn.com/images/fb_placeholder.png?1440411592", "provider_name": "SoundCloud", "html": "\n<div class=\"noembed-embed \">\n  <div class=\"noembed-wrapper\">\n    \n<div class=\"noembed-embed-inner noembed-soundcloud\">\n  <iframe width=\"100%\" height=\"400\" scrolling=\"no\" frameborder=\"no\" src=\"https://w.soundcloud.com/player/?visual=true&url=http%3A%2F%2Fapi.soundcloud.com%2Ftracks%2F11734784&show_artwork=true&in=benetco%2Fsets%2Fslwx\"></iframe>\n</div>\n\n    <table class=\"noembed-meta-info\">\n      <tr>\n        <td class=\"favicon\"><img src=\"https://noembed.com/favicon/SoundCloud.png\"></td>\n        <td>SoundCloud</td>\n        <td align=\"right\">\n          <a title=\"https://soundcloud.com/princesskhym/gorillaz-dare-soulwax-remix?in=benetco/sets/slwx\" href=\"https://soundcloud.com/princesskhym/gorillaz-dare-soulwax-remix?in=benetco/sets/slwx\">https://soundcloud.com/princesskhym/gorillaz-dare-</a>\n        </td>\n      </tr>\n    </table>\n  </div>\n</div>\n", "duration": 343, "url": "https://soundcloud.com/princesskhym/gorillaz-dare-soulwax-remix?in=benetco/sets/slwx", "added": "2016-06-28T21:15:16.837Z", "updated": "2016-06-28T21:15:16.837Z"}}, {"model": "l8pr.item", "pk": 45, "fields": {"title": "Justice - Phantom Pt 2 Soulwax Remix by Banger L.", "description": null, "author_name": "Banger L.", "thumbnail": "http://a1.sndcdn.com/images/fb_placeholder.png?1440411592", "provider_name": "SoundCloud", "html": "\n<div class=\"noembed-embed \">\n  <div class=\"noembed-wrapper\">\n    \n<div class=\"noembed-embed-inner noembed-soundcloud\">\n  <iframe width=\"100%\" height=\"400\" scrolling=\"no\" frameborder=\"no\" src=\"https://w.soundcloud.com/player/?visual=true&url=http%3A%2F%2Fapi.soundcloud.com%2Ftracks%2F26475006&show_artwork=true&in=benetco%2Fsets%2Fslwx\"></iframe>\n</div>\n\n    <table class=\"noembed-meta-info\">\n      <tr>\n        <td class=\"favicon\"><img src=\"https://noembed.com/favicon/SoundCloud.png\"></td>\n        <td>SoundCloud</td>\n        <td align=\"right\">\n          <a title=\"https://soundcloud.com/banger-live/justice-phantom-pt-2-soulwax?in=benetco/sets/slwx\" href=\"https://soundcloud.com/banger-live/justice-phantom-pt-2-soulwax?in=benetco/sets/slwx\">https://soundcloud.com/banger-live/justice-phantom</a>\n        </td>\n      </tr>\n    </table>\n  </div>\n</div>\n", "duration": 445, "url": "https://soundcloud.com/banger-live/justice-phantom-pt-2-soulwax?in=benetco/sets/slwx", "added": "2016-06-28T21:15:16.869Z", "updated": "2016-06-28T21:15:16.869Z"}}, {"model": "l8pr.item", "pk": 46, "fields": {"title": "Soulwax FM GTA V Continuous Mix by JLMoloney", "description": null, "author_name": "JLMoloney", "thumbnail": "http://i1.sndcdn.com/artworks-000062449428-j60yzw-t500x500.jpg", "provider_name": "SoundCloud", "html": "\n<div class=\"noembed-embed \">\n  <div class=\"noembed-wrapper\">\n    \n<div class=\"noembed-embed-inner noembed-soundcloud\">\n  <iframe width=\"100%\" height=\"400\" scrolling=\"no\" frameborder=\"no\" src=\"https://w.soundcloud.com/player/?visual=true&url=http%3A%2F%2Fapi.soundcloud.com%2Ftracks%2F119583393&show_artwork=true&in=benetco%2Fsets%2Fslwx\"></iframe>\n</div>\n\n    <table class=\"noembed-meta-info\">\n      <tr>\n        <td class=\"favicon\"><img src=\"https://noembed.com/favicon/SoundCloud.png\"></td>\n        <td>SoundCloud</td>\n        <td align=\"right\">\n          <a title=\"https://soundcloud.com/coversjm/soulwax-fm-gta-v-continouis?in=benetco/sets/slwx\" href=\"https://soundcloud.com/coversjm/soulwax-fm-gta-v-continouis?in=benetco/sets/slwx\">https://soundcloud.com/coversjm/soulwax-fm-gta-v-c</a>\n        </td>\n      </tr>\n    </table>\n  </div>\n</div>\n", "duration": 2567, "url": "https://soundcloud.com/coversjm/soulwax-fm-gta-v-continouis?in=benetco/sets/slwx", "added": "2016-06-28T21:15:16.898Z", "updated": "2016-06-28T21:15:16.898Z"}}, {"model": "l8pr.item", "pk": 91, "fields": {"title": "CCCP   - cosmic communist constructions photographed - frederic chaubin", "description": null, "author_name": "lesamisdelaforet", "thumbnail": "https://i.ytimg.com/vi/2mBcoTRQPqI/hqdefault.jpg", "provider_name": "YouTube", "html": "\n<div class=\"noembed-embed \">\n  <div class=\"noembed-wrapper\">\n    \n<div class=\"noembed-embed-inner noembed-youtube\">\n  \n<iframe width=\" 480\" height=\"270\" src=\"https://www.youtube.com/embed/2mBcoTRQPqI?feature=oembed\" frameborder=\"0\" allowfullscreen=\"allowfullscreen\"></iframe>\n\n</div>\n\n    <table class=\"noembed-meta-info\">\n      <tr>\n        <td>YouTube</td>\n        <td align=\"right\">\n          <a title=\"https://www.youtube.com/watch?v=2mBcoTRQPqI\" href=\"https://www.youtube.com/watch?v=2mBcoTRQPqI\">https://www.youtube.com/watch?v=2mBcoTRQPqI</a>\n        </td>\n      </tr>\n    </table>\n  </div>\n</div>\n", "duration": 230, "url": "https://www.youtube.com/watch?v=2mBcoTRQPqI", "added": "2016-06-28T21:15:19.638Z", "updated": "2016-06-28T21:15:19.638Z"}}, {"model": "l8pr.item", "pk": 92, "fields": {"title": "BIRDGANG full", "description": null, "author_name": "BGbitch", "thumbnail": "https://i.ytimg.com/vi/OGJl7cEMhys/hqdefault.jpg", "provider_name": "YouTube", "html": "\n<div class=\"noembed-embed \">\n  <div class=\"noembed-wrapper\">\n    \n<div class=\"noembed-embed-inner noembed-youtube\">\n  \n<iframe width=\" 480\" height=\"270\" src=\"https://www.youtube.com/embed/OGJl7cEMhys?feature=oembed\" frameborder=\"0\" allowfullscreen=\"allowfullscreen\"></iframe>\n\n</div>\n\n    <table class=\"noembed-meta-info\">\n      <tr>\n        <td>YouTube</td>\n        <td align=\"right\">\n          <a title=\"https://www.youtube.com/watch?v=OGJl7cEMhys\" href=\"https://www.youtube.com/watch?v=OGJl7cEMhys\">https://www.youtube.com/watch?v=OGJl7cEMhys</a>\n        </td>\n      </tr>\n    </table>\n  </div>\n</div>\n", "duration": 1522, "url": "https://www.youtube.com/watch?v=OGJl7cEMhys", "added": "2016-06-28T21:15:19.698Z", "updated": "2016-06-28T21:15:19.698Z"}}, {"model": "l8pr.item", "pk": 93, "fields": {"title": "How Bitcoin Works Under the Hood", "description": null, "author_name": "CuriousInventor", "thumbnail": "https://i.ytimg.com/vi/Lx9zgZCMqXE/hqdefault.jpg", "provider_name": "YouTube", "html": "\n<div class=\"noembed-embed \">\n  <div class=\"noembed-wrapper\">\n    \n<div class=\"noembed-embed-inner noembed-youtube\">\n  \n<iframe width=\" 480\" height=\"270\" src=\"https://www.youtube.com/embed/Lx9zgZCMqXE?feature=oembed\" frameborder=\"0\" allowfullscreen=\"allowfullscreen\"></iframe>\n\n</div>\n\n    <table class=\"noembed-meta-info\">\n      <tr>\n        <td>YouTube</td>\n        <td align=\"right\">\n          <a title=\"https://www.youtube.com/watch?v=Lx9zgZCMqXE\" href=\"https://www.youtube.com/watch?v=Lx9zgZCMqXE\">https://www.youtube.com/watch?v=Lx9zgZCMqXE</a>\n        </td>\n      </tr>\n    </table>\n  </div>\n</div>\n", "duration": 1345, "url": "https://www.youtube.com/watch?v=Lx9zgZCMqXE", "added": "2016-06-28T21:15:19.750Z", "updated": "2016-06-28T21:15:19.750Z"}}, {"model": "l8pr.item", "pk": 94, "fields": {"title": "Calvin & Hobbes - Art Before Commerce", "description": null, "author_name": "kaptainkristian", "thumbnail": "https://i.ytimg.com/vi/-xzzQVk5IfE/hqdefault.jpg", "provider_name": "YouTube", "html": "\n<div class=\"noembed-embed \">\n  <div class=\"noembed-wrapper\">\n    \n<div class=\"noembed-embed-inner noembed-youtube\">\n  \n<iframe width=\" 480\" height=\"270\" src=\"https://www.youtube.com/embed/-xzzQVk5IfE?feature=oembed\" frameborder=\"0\" allowfullscreen=\"allowfullscreen\"></iframe>\n\n</div>\n\n    <table class=\"noembed-meta-info\">\n      <tr>\n        <td>YouTube</td>\n        <td align=\"right\">\n          <a title=\"https://www.youtube.com/watch?v=-xzzQVk5IfE\" href=\"https://www.youtube.com/watch?v=-xzzQVk5IfE\">https://www.youtube.com/watch?v=-xzzQVk5IfE</a>\n        </td>\n      </tr>\n    </table>\n  </div>\n</div>\n", "duration": 382, "url": "https://www.youtube.com/watch?v=-xzzQVk5IfE", "added": "2016-06-28T21:15:19.791Z", "updated": "2016-06-28T21:15:19.791Z"}}, {"model": "l8pr.item", "pk": 95, "fields": {"title": "Jean Cocteau Documentary #3", "description": null, "author_name": "Hershel Layton", "thumbnail": "https://i.ytimg.com/vi/vKM154z0Afs/hqdefault.jpg", "provider_name": "YouTube", "html": "\n<div class=\"noembed-embed \">\n  <div class=\"noembed-wrapper\">\n    \n<div class=\"noembed-embed-inner noembed-youtube\">\n  \n<iframe width=\" 459\" height=\"344\" src=\"https://www.youtube.com/embed/vKM154z0Afs?feature=oembed\" frameborder=\"0\" allowfullscreen></iframe>\n\n</div>\n\n    <table class=\"noembed-meta-info\">\n      <tr>\n        <td class=\"favicon\"><img src=\"https://noembed.com/favicon/YouTube.png\"></td>\n        <td>YouTube</td>\n        <td align=\"right\">\n          <a title=\"https://www.youtube.com/watch?v=vKM154z0Afs\" href=\"https://www.youtube.com/watch?v=vKM154z0Afs\">https://www.youtube.com/watch?v=vKM154z0Afs</a>\n        </td>\n      </tr>\n    </table>\n  </div>\n</div>\n", "duration": 537, "url": "https://www.youtube.com/watch?v=vKM154z0Afs", "added": "2016-06-28T21:15:19.853Z", "updated": "2016-06-28T21:15:19.853Z"}}, {"model": "l8pr.item", "pk": 96, "fields": {"title": "Nan Goldin - The Ballad of Sexual Dependency - MOCA U - MOCAtv", "description": null, "author_name": "MOCA", "thumbnail": "https://i.ytimg.com/vi/2B6nMlajUqU/hqdefault.jpg", "provider_name": "YouTube", "html": "\n<div class=\"noembed-embed \">\n  <div class=\"noembed-wrapper\">\n    \n<div class=\"noembed-embed-inner noembed-youtube\">\n  \n<iframe width=\" 480\" height=\"270\" src=\"https://www.youtube.com/embed/2B6nMlajUqU?feature=oembed\" frameborder=\"0\" allowfullscreen></iframe>\n\n</div>\n\n    <table class=\"noembed-meta-info\">\n      <tr>\n        <td class=\"favicon\"><img src=\"https://noembed.com/favicon/YouTube.png\"></td>\n        <td>YouTube</td>\n        <td align=\"right\">\n          <a title=\"https://www.youtube.com/watch?v=2B6nMlajUqU\" href=\"https://www.youtube.com/watch?v=2B6nMlajUqU\">https://www.youtube.com/watch?v=2B6nMlajUqU</a>\n        </td>\n      </tr>\n    </table>\n  </div>\n</div>\n", "duration": 631, "url": "https://www.youtube.com/watch?v=2B6nMlajUqU", "added": "2016-06-28T21:15:19.890Z", "updated": "2016-06-28T21:15:19.890Z"}}, {"model": "l8pr.item", "pk": 97, "fields": {"title": "KATE BUSH - The Kate Bush Story (2014 BBC Documentary)", "description": null, "author_name": "VD Vault", "thumbnail": "https://i.ytimg.com/vi/c4sLwt8mhZs/hqdefault.jpg", "provider_name": "YouTube", "html": "\n<div class=\"noembed-embed \">\n  <div class=\"noembed-wrapper\">\n    \n<div class=\"noembed-embed-inner noembed-youtube\">\n  \n<iframe width=\" 480\" height=\"270\" src=\"https://www.youtube.com/embed/c4sLwt8mhZs?feature=oembed\" frameborder=\"0\" allowfullscreen></iframe>\n\n</div>\n\n    <table class=\"noembed-meta-info\">\n      <tr>\n        <td class=\"favicon\"><img src=\"https://noembed.com/favicon/YouTube.png\"></td>\n        <td>YouTube</td>\n        <td align=\"right\">\n          <a title=\"https://www.youtube.com/watch?v=c4sLwt8mhZs\" href=\"https://www.youtube.com/watch?v=c4sLwt8mhZs\">https://www.youtube.com/watch?v=c4sLwt8mhZs</a>\n        </td>\n      </tr>\n    </table>\n  </div>\n</div>\n", "duration": 3586, "url": "https://www.youtube.com/watch?v=c4sLwt8mhZs", "added": "2016-06-28T21:15:19.954Z", "updated": "2016-06-28T21:15:19.954Z"}}, {"model": "l8pr.item", "pk": 98, "fields": {"title": "The Dictionary", "description": null, "author_name": "Jungles in Paris", "thumbnail": "https://i.ytimg.com/vi/eUSBVuBXnaY/hqdefault.jpg", "provider_name": "YouTube", "html": "\n<div class=\"noembed-embed \">\n  <div class=\"noembed-wrapper\">\n    \n<div class=\"noembed-embed-inner noembed-youtube\">\n  \n<iframe width=\" 480\" height=\"270\" src=\"https://www.youtube.com/embed/eUSBVuBXnaY?feature=oembed\" frameborder=\"0\" allowfullscreen></iframe>\n\n</div>\n\n    <table class=\"noembed-meta-info\">\n      <tr>\n        <td class=\"favicon\"><img src=\"https://noembed.com/favicon/YouTube.png\"></td>\n        <td>YouTube</td>\n        <td align=\"right\">\n          <a title=\"https://www.youtube.com/watch?v=eUSBVuBXnaY\" href=\"https://www.youtube.com/watch?v=eUSBVuBXnaY\">https://www.youtube.com/watch?v=eUSBVuBXnaY</a>\n        </td>\n      </tr>\n    </table>\n  </div>\n</div>\n", "duration": 347, "url": "https://www.youtube.com/watch?v=eUSBVuBXnaY", "added": "2016-06-28T21:15:20.008Z", "updated": "2016-06-28T21:15:20.008Z"}}, {"model": "l8pr.item", "pk": 99, "fields": {"title": "Free the Network: Hackers Take Back the Web", "description": null, "author_name": "Motherboard", "thumbnail": "https://i.ytimg.com/vi/Fx93WJPCCGs/hqdefault.jpg", "provider_name": "YouTube", "html": "\n<div class=\"noembed-embed \">\n  <div class=\"noembed-wrapper\">\n    \n<div class=\"noembed-embed-inner noembed-youtube\">\n  \n<iframe width=\" 480\" height=\"270\" src=\"https://www.youtube.com/embed/Fx93WJPCCGs?feature=oembed\" frameborder=\"0\" allowfullscreen></iframe>\n\n</div>\n\n    <table class=\"noembed-meta-info\">\n      <tr>\n        <td class=\"favicon\"><img src=\"https://noembed.com/favicon/YouTube.png\"></td>\n        <td>YouTube</td>\n        <td align=\"right\">\n          <a title=\"https://www.youtube.com/watch?v=Fx93WJPCCGs\" href=\"https://www.youtube.com/watch?v=Fx93WJPCCGs\">https://www.youtube.com/watch?v=Fx93WJPCCGs</a>\n        </td>\n      </tr>\n    </table>\n  </div>\n</div>\n", "duration": 1851, "url": "https://www.youtube.com/watch?v=Fx93WJPCCGs", "added": "2016-06-28T21:15:20.048Z", "updated": "2016-06-28T21:15:20.048Z"}}, {"model": "l8pr.item", "pk": 100, "fields": {"title": "Japan's Yakuza: Inside the syndicate", "description": null, "author_name": "The Economist", "thumbnail": "https://i.ytimg.com/vi/AOhuUxtxrmg/hqdefault.jpg", "provider_name": "YouTube", "html": "\n<div class=\"noembed-embed \">\n  <div class=\"noembed-wrapper\">\n    \n<div class=\"noembed-embed-inner noembed-youtube\">\n  \n<iframe width=\" 480\" height=\"270\" src=\"https://www.youtube.com/embed/AOhuUxtxrmg?feature=oembed\" frameborder=\"0\" allowfullscreen></iframe>\n\n</div>\n\n    <table class=\"noembed-meta-info\">\n      <tr>\n        <td class=\"favicon\"><img src=\"https://noembed.com/favicon/YouTube.png\"></td>\n        <td>YouTube</td>\n        <td align=\"right\">\n          <a title=\"https://www.youtube.com/watch?v=AOhuUxtxrmg\" href=\"https://www.youtube.com/watch?v=AOhuUxtxrmg\">https://www.youtube.com/watch?v=AOhuUxtxrmg</a>\n        </td>\n      </tr>\n    </table>\n  </div>\n</div>\n", "duration": 380, "url": "https://www.youtube.com/watch?v=AOhuUxtxrmg", "added": "2016-06-28T21:15:20.090Z", "updated": "2016-06-28T21:15:20.090Z"}}, {"model": "l8pr.item", "pk": 101, "fields": {"title": "A simetria dos filmes de Wes Anderson", "description": null, "author_name": "lamiamarca", "thumbnail": "https://i.ytimg.com/vi/ZJIhMz8Auts/hqdefault.jpg", "provider_name": "YouTube", "html": null, "duration": 144, "url": "https://www.youtube.com/watch?v=ZJIhMz8Auts", "added": "2016-06-28T21:15:20.141Z", "updated": "2016-06-28T21:15:20.142Z"}}, {"model": "l8pr.item", "pk": 102, "fields": {"title": "Marina Abramovic - ARTIST IS PRESENT (La muraglia cinese)", "description": null, "author_name": "canzoniutili", "thumbnail": "https://i.ytimg.com/vi/O6dF8Gjm-X8/hqdefault.jpg", "provider_name": "YouTube", "html": null, "duration": 225, "url": "https://www.youtube.com/watch?v=O6dF8Gjm-X8", "added": "2016-06-28T21:15:20.200Z", "updated": "2016-06-28T21:15:20.200Z"}}, {"model": "l8pr.item", "pk": 103, "fields": {"title": "Why does time pass?", "description": null, "author_name": "The Economist", "thumbnail": "https://i.ytimg.com/vi/OKKbkS_LOu4/hqdefault.jpg", "provider_name": "YouTube", "html": "\n<div class=\"noembed-embed \">\n  <div class=\"noembed-wrapper\">\n    \n<div class=\"noembed-embed-inner noembed-youtube\">\n  \n<iframe width=\" 480\" height=\"270\" src=\"https://www.youtube.com/embed/OKKbkS_LOu4?feature=oembed\" frameborder=\"0\" allowfullscreen></iframe>\n\n</div>\n\n    <table class=\"noembed-meta-info\">\n      <tr>\n        <td class=\"favicon\"><img src=\"https://noembed.com/favicon/YouTube.png\"></td>\n        <td>YouTube</td>\n        <td align=\"right\">\n          <a title=\"https://www.youtube.com/watch?v=OKKbkS_LOu4\" href=\"https://www.youtube.com/watch?v=OKKbkS_LOu4\">https://www.youtube.com/watch?v=OKKbkS_LOu4</a>\n        </td>\n      </tr>\n    </table>\n  </div>\n</div>\n", "duration": 630, "url": "https://www.youtube.com/watch?v=OKKbkS_LOu4", "added": "2016-06-28T21:15:20.234Z", "updated": "2016-06-28T21:15:20.235Z"}}, {"model": "l8pr.item", "pk": 104, "fields": {"title": "Do we live in a multiverse?", "description": null, "author_name": "The Economist", "thumbnail": "https://i.ytimg.com/vi/Rx7erWZ8TjA/hqdefault.jpg", "provider_name": "YouTube", "html": "\n<div class=\"noembed-embed \">\n  <div class=\"noembed-wrapper\">\n    \n<div class=\"noembed-embed-inner noembed-youtube\">\n  \n<iframe width=\" 480\" height=\"270\" src=\"https://www.youtube.com/embed/Rx7erWZ8TjA?feature=oembed\" frameborder=\"0\" allowfullscreen></iframe>\n\n</div>\n\n    <table class=\"noembed-meta-info\">\n      <tr>\n        <td class=\"favicon\"><img src=\"https://noembed.com/favicon/YouTube.png\"></td>\n        <td>YouTube</td>\n        <td align=\"right\">\n          <a title=\"https://www.youtube.com/watch?v=Rx7erWZ8TjA\" href=\"https://www.youtube.com/watch?v=Rx7erWZ8TjA\">https://www.youtube.com/watch?v=Rx7erWZ8TjA</a>\n        </td>\n      </tr>\n    </table>\n  </div>\n</div>\n", "duration": 538, "url": "https://www.youtube.com/watch?v=Rx7erWZ8TjA", "added": "2016-06-28T21:15:20.276Z", "updated": "2016-06-28T21:15:20.276Z"}}, {"model": "l8pr.item", "pk": 105, "fields": {"title": "\"Jeu d'\u00e9checs\" avec Marcel Duchamp ,1963 / excerpts", "description": null, "author_name": "azwris", "thumbnail": "https://i.ytimg.com/vi/VOhQ1hBUgkw/hqdefault.jpg", "provider_name": "YouTube", "html": "\n<div class=\"noembed-embed \">\n  <div class=\"noembed-wrapper\">\n    \n<div class=\"noembed-embed-inner noembed-youtube\">\n  \n<iframe width=\" 459\" height=\"344\" src=\"https://www.youtube.com/embed/VOhQ1hBUgkw?feature=oembed\" frameborder=\"0\" allowfullscreen></iframe>\n\n</div>\n\n    <table class=\"noembed-meta-info\">\n      <tr>\n        <td class=\"favicon\"><img src=\"https://noembed.com/favicon/YouTube.png\"></td>\n        <td>YouTube</td>\n        <td align=\"right\">\n          <a title=\"https://www.youtube.com/watch?v=VOhQ1hBUgkw\" href=\"https://www.youtube.com/watch?v=VOhQ1hBUgkw\">https://www.youtube.com/watch?v=VOhQ1hBUgkw</a>\n        </td>\n      </tr>\n    </table>\n  </div>\n</div>\n", "duration": 330, "url": "https://www.youtube.com/watch?v=VOhQ1hBUgkw", "added": "2016-06-28T21:15:20.316Z", "updated": "2016-06-28T21:15:20.317Z"}}, {"model": "l8pr.item", "pk": 106, "fields": {"title": "Gregor Schwellenbach spielt 20 Jahre Kompakt (The Making Of)", "description": null, "author_name": "KOMPAKT", "thumbnail": "https://i.ytimg.com/vi/NuzmJu0n2lQ/hqdefault.jpg", "provider_name": "YouTube", "html": "\n<div class=\"noembed-embed \">\n  <div class=\"noembed-wrapper\">\n    \n<div class=\"noembed-embed-inner noembed-youtube\">\n  \n<iframe width=\" 480\" height=\"270\" src=\"https://www.youtube.com/embed/NuzmJu0n2lQ?feature=oembed\" frameborder=\"0\" allowfullscreen></iframe>\n\n</div>\n\n    <table class=\"noembed-meta-info\">\n      <tr>\n        <td class=\"favicon\"><img src=\"https://noembed.com/favicon/YouTube.png\"></td>\n        <td>YouTube</td>\n        <td align=\"right\">\n          <a title=\"https://www.youtube.com/watch?v=NuzmJu0n2lQ\" href=\"https://www.youtube.com/watch?v=NuzmJu0n2lQ\">https://www.youtube.com/watch?v=NuzmJu0n2lQ</a>\n        </td>\n      </tr>\n    </table>\n  </div>\n</div>\n", "duration": 417, "url": "https://www.youtube.com/watch?v=NuzmJu0n2lQ", "added": "2016-06-28T21:15:20.392Z", "updated": "2016-06-28T21:15:20.392Z"}}, {"model": "l8pr.item", "pk": 107, "fields": {"title": "Op\u00e9ra vertical (fin)", "description": null, "author_name": "Parcours de la pens\u00e9e", "thumbnail": "https://i.ytimg.com/vi/B21ZD8Q_uJE/hqdefault.jpg", "provider_name": "YouTube", "html": "\n<div class=\"noembed-embed \">\n  <div class=\"noembed-wrapper\">\n    \n<div class=\"noembed-embed-inner noembed-youtube\">\n  \n<iframe width=\" 459\" height=\"344\" src=\"https://www.youtube.com/embed/B21ZD8Q_uJE?feature=oembed\" frameborder=\"0\" allowfullscreen></iframe>\n\n</div>\n\n    <table class=\"noembed-meta-info\">\n      <tr>\n        <td class=\"favicon\"><img src=\"https://noembed.com/favicon/YouTube.png\"></td>\n        <td>YouTube</td>\n        <td align=\"right\">\n          <a title=\"https://www.youtube.com/watch?v=B21ZD8Q_uJE\" href=\"https://www.youtube.com/watch?v=B21ZD8Q_uJE\">https://www.youtube.com/watch?v=B21ZD8Q_uJE</a>\n        </td>\n      </tr>\n    </table>\n  </div>\n</div>\n", "duration": 294, "url": "https://www.youtube.com/watch?v=B21ZD8Q_uJE", "added": "2016-06-28T21:15:20.473Z", "updated": "2016-06-28T21:15:20.473Z"}}, {"model": "l8pr.item", "pk": 108, "fields": {"title": "Gainsbourg.Nous nous sommes tant aim\u00e9s.avi", "description": null, "author_name": "Gainsbarr\u00e924", "thumbnail": "https://i.ytimg.com/vi/GV-b831aoL8/hqdefault.jpg", "provider_name": "YouTube", "html": "\n<div class=\"noembed-embed \">\n  <div class=\"noembed-wrapper\">\n    \n<div class=\"noembed-embed-inner noembed-youtube\">\n  \n<iframe width=\" 459\" height=\"344\" src=\"https://www.youtube.com/embed/GV-b831aoL8?feature=oembed\" frameborder=\"0\" allowfullscreen></iframe>\n\n</div>\n\n    <table class=\"noembed-meta-info\">\n      <tr>\n        <td class=\"favicon\"><img src=\"https://noembed.com/favicon/YouTube.png\"></td>\n        <td>YouTube</td>\n        <td align=\"right\">\n          <a title=\"https://www.youtube.com/watch?v=GV-b831aoL8\" href=\"https://www.youtube.com/watch?v=GV-b831aoL8\">https://www.youtube.com/watch?v=GV-b831aoL8</a>\n        </td>\n      </tr>\n    </table>\n  </div>\n</div>\n", "duration": 1632, "url": "https://www.youtube.com/watch?v=GV-b831aoL8", "added": "2016-06-28T21:15:20.520Z", "updated": "2016-06-28T21:15:20.520Z"}}, {"model": "l8pr.item", "pk": 109, "fields": {"title": "Hommage au film LA HAINE", "description": null, "author_name": "kourtrajmeofficial", "thumbnail": "https://i.ytimg.com/vi/fpfkjX_hmsc/hqdefault.jpg", "provider_name": "YouTube", "html": null, "duration": 324, "url": "https://www.youtube.com/watch?v=fpfkjX_hmsc", "added": "2016-06-28T21:15:20.570Z", "updated": "2016-06-28T21:15:20.570Z"}}, {"model": "l8pr.item", "pk": 110, "fields": {"title": "NASA | Getting the Big Picture", "description": null, "author_name": "NASA Goddard", "thumbnail": "https://i.ytimg.com/vi/rA_VCLzvbvM/hqdefault.jpg", "provider_name": "YouTube", "html": "\n<div class=\"noembed-embed \">\n  <div class=\"noembed-wrapper\">\n    \n<div class=\"noembed-embed-inner noembed-youtube\">\n  \n<iframe width=\" 480\" height=\"270\" src=\"https://www.youtube.com/embed/rA_VCLzvbvM?feature=oembed\" frameborder=\"0\" allowfullscreen></iframe>\n\n</div>\n\n    <table class=\"noembed-meta-info\">\n      <tr>\n        <td class=\"favicon\"><img src=\"https://noembed.com/favicon/YouTube.png\"></td>\n        <td>YouTube</td>\n        <td align=\"right\">\n          <a title=\"https://www.youtube.com/watch?v=rA_VCLzvbvM\" href=\"https://www.youtube.com/watch?v=rA_VCLzvbvM\">https://www.youtube.com/watch?v=rA_VCLzvbvM</a>\n        </td>\n      </tr>\n    </table>\n  </div>\n</div>\n", "duration": 160, "url": "https://www.youtube.com/watch?v=rA_VCLzvbvM", "added": "2016-06-28T21:15:20.641Z", "updated": "2016-06-28T21:15:20.641Z"}}, {"model": "l8pr.item", "pk": 111, "fields": {"title": "Breaking Bad  POV (Point of View)", "description": null, "author_name": "Aitor L\u00f3pez G\u00f3mez", "thumbnail": "https://i.ytimg.com/vi/DY5yrEAvCQc/hqdefault.jpg", "provider_name": "YouTube", "html": null, "duration": 166, "url": "https://www.youtube.com/watch?v=DY5yrEAvCQc", "added": "2016-06-28T21:15:20.711Z", "updated": "2016-06-28T21:15:20.711Z"}}, {"model": "l8pr.item", "pk": 112, "fields": {"title": "The Dawn of Killer Robots (Full Length)", "description": null, "author_name": "Motherboard", "thumbnail": "https://i.ytimg.com/vi/5qBjFZV19p0/hqdefault.jpg", "provider_name": "YouTube", "html": null, "duration": 1720, "url": "https://www.youtube.com/watch?v=5qBjFZV19p0", "added": "2016-06-28T21:15:20.747Z", "updated": "2016-06-28T21:15:20.747Z"}}, {"model": "l8pr.item", "pk": 113, "fields": {"title": "Free Climbing Patrick Edlinger Verdon Forever", "description": null, "author_name": "Federico Fiorani", "thumbnail": "https://i.ytimg.com/vi/5ZIxuj7cbeg/hqdefault.jpg", "provider_name": "YouTube", "html": "\n<div class=\"noembed-embed \">\n  <div class=\"noembed-wrapper\">\n    \n<div class=\"noembed-embed-inner noembed-youtube\">\n  \n<iframe width=\" 459\" height=\"344\" src=\"https://www.youtube.com/embed/5ZIxuj7cbeg?feature=oembed\" frameborder=\"0\" allowfullscreen></iframe>\n\n</div>\n\n    <table class=\"noembed-meta-info\">\n      <tr>\n        <td class=\"favicon\"><img src=\"https://noembed.com/favicon/YouTube.png\"></td>\n        <td>YouTube</td>\n        <td align=\"right\">\n          <a title=\"https://www.youtube.com/watch?v=5ZIxuj7cbeg\" href=\"https://www.youtube.com/watch?v=5ZIxuj7cbeg\">https://www.youtube.com/watch?v=5ZIxuj7cbeg</a>\n        </td>\n      </tr>\n    </table>\n  </div>\n</div>\n", "duration": 1754, "url": "https://www.youtube.com/watch?v=5ZIxuj7cbeg", "added": "2016-06-28T21:15:20.824Z", "updated": "2016-06-28T21:15:20.824Z"}}, {"model": "l8pr.item", "pk": 114, "fields": {"title": "Instagram's Most Notorious Dissector of Death", "description": null, "author_name": "Motherboard", "thumbnail": "https://i.ytimg.com/vi/4IlafxWwKdY/hqdefault.jpg", "provider_name": "YouTube", "html": null, "duration": 715, "url": "https://www.youtube.com/watch?v=4IlafxWwKdY", "added": "2016-06-28T21:15:20.890Z", "updated": "2016-06-28T21:15:20.891Z"}}, {"model": "l8pr.item", "pk": 115, "fields": {"title": "KINETIC - Jan Hojer in Fontainebleau", "description": null, "author_name": "MAMMUT", "thumbnail": "https://i.ytimg.com/vi/dMGZTIMRIIo/hqdefault.jpg", "provider_name": "YouTube", "html": null, "duration": 387, "url": "https://www.youtube.com/watch?v=dMGZTIMRIIo", "added": "2016-06-28T21:15:20.972Z", "updated": "2016-06-28T21:15:20.972Z"}}, {"model": "l8pr.item", "pk": 116, "fields": {"title": "Brandon Doman - Like Knows Like", "description": null, "author_name": "ProjectLikeKnowsLike", "thumbnail": "https://i.ytimg.com/vi/5pGg-te_kCI/hqdefault.jpg", "provider_name": "YouTube", "html": null, "duration": 333, "url": "https://www.youtube.com/watch?v=5pGg-te_kCI", "added": "2016-06-28T21:15:21.054Z", "updated": "2016-06-28T21:15:21.054Z"}}, {"model": "l8pr.item", "pk": 117, "fields": {"title": "Jessica Walsh - Like Knows Like", "description": null, "author_name": "ProjectLikeKnowsLike", "thumbnail": "https://i.ytimg.com/vi/YG_Ipmux2cM/hqdefault.jpg", "provider_name": "YouTube", "html": null, "duration": 448, "url": "https://www.youtube.com/watch?v=YG_Ipmux2cM", "added": "2016-06-28T21:15:21.122Z", "updated": "2016-06-28T21:15:21.122Z"}}, {"model": "l8pr.item", "pk": 118, "fields": {"title": "Joke: \"De Kyoto \u00e0...\" - \u00c9pisode 1", "description": null, "author_name": "JokeMTP", "thumbnail": "https://i.ytimg.com/vi/kugIhNFE60I/hqdefault.jpg", "provider_name": "YouTube", "html": null, "duration": 398, "url": "https://www.youtube.com/watch?v=kugIhNFE60I", "added": "2016-06-28T21:15:21.184Z", "updated": "2016-06-28T21:15:21.184Z"}}, {"model": "l8pr.item", "pk": 119, "fields": {"title": "Ron Mueck - Still Life: Ron Mueck at Work - 2013", "description": null, "author_name": "Fondation Cartier pour l'art contemporain", "thumbnail": "https://i.ytimg.com/vi/g2iPpa4azRc/hqdefault.jpg", "provider_name": "YouTube", "html": null, "duration": 284, "url": "https://www.youtube.com/watch?v=g2iPpa4azRc", "added": "2016-06-28T21:15:21.279Z", "updated": "2016-06-28T21:15:21.279Z"}}, {"model": "l8pr.item", "pk": 120, "fields": {"title": "Linklater: On Cinema & Time", "description": null, "author_name": "John Lyons", "thumbnail": "https://i.ytimg.com/vi/BifeKHFWTZ8/hqdefault.jpg", "provider_name": "YouTube", "html": null, "duration": 510, "url": "https://www.youtube.com/watch?v=BifeKHFWTZ8", "added": "2016-06-28T21:15:21.364Z", "updated": "2016-06-28T21:15:21.364Z"}}, {"model": "l8pr.item", "pk": 121, "fields": {"title": "What is neorealism [HD]", "description": null, "author_name": "Ci Neryong", "thumbnail": "https://i.ytimg.com/vi/odJxAd4WU8Y/hqdefault.jpg", "provider_name": "YouTube", "html": null, "duration": 296, "url": "https://www.youtube.com/watch?v=odJxAd4WU8Y", "added": "2016-06-28T21:15:21.427Z", "updated": "2016-06-28T21:15:21.427Z"}}, {"model": "l8pr.item", "pk": 122, "fields": {"title": "\u201cMad River\u201d by Jungles in Paris", "description": null, "author_name": "NOWNESS", "thumbnail": "https://i.ytimg.com/vi/A0EVqd3wbq0/hqdefault.jpg", "provider_name": "YouTube", "html": null, "duration": 192, "url": "https://www.youtube.com/watch?v=A0EVqd3wbq0", "added": "2016-06-28T21:15:21.511Z", "updated": "2016-06-28T21:15:21.511Z"}}, {"model": "l8pr.item", "pk": 252, "fields": {"title": "How to keep a leg cast, wound, dressing  or drain dry with the SHOWER BOOT", "description": null, "author_name": "Shower Covers", "thumbnail": "https://i.ytimg.com/vi/xEZx5S_M8oY/hqdefault.jpg", "provider_name": "YouTube", "html": "\n<div class=\"noembed-embed \">\n  <div class=\"noembed-wrapper\">\n    \n<div class=\"noembed-embed-inner noembed-youtube\">\n  \n<iframe width=\" 480\" height=\"270\" src=\"https://www.youtube.com/embed/xEZx5S_M8oY?feature=oembed\" frameborder=\"0\" allowfullscreen></iframe>\n\n</div>\n\n    <table class=\"noembed-meta-info\">\n      <tr>\n        <td class=\"favicon\"><img src=\"https://noembed.com/favicon/YouTube.png\"></td>\n        <td>YouTube</td>\n        <td align=\"right\">\n          <a title=\"https://www.youtube.com/watch?v=xEZx5S_M8oY\" href=\"https://www.youtube.com/watch?v=xEZx5S_M8oY\">https://www.youtube.com/watch?v=xEZx5S_M8oY</a>\n        </td>\n      </tr>\n    </table>\n  </div>\n</div>\n", "duration": 58, "url": "https://www.youtube.com/watch?v=xEZx5S_M8oY", "added": "2016-06-28T21:15:27.329Z", "updated": "2016-06-28T21:15:27.329Z"}}, {"model": "l8pr.item", "pk": 253, "fields": {"title": "Purgateus - Proteus Mod", "description": null, "author_name": "Devine Lu Linvega", "thumbnail": "https://i.ytimg.com/vi/sUvKDi-cFng/hqdefault.jpg", "provider_name": "YouTube", "html": "\n<div class=\"noembed-embed \">\n  <div class=\"noembed-wrapper\">\n    \n<div class=\"noembed-embed-inner noembed-youtube\">\n  \n<iframe width=\" 480\" height=\"270\" src=\"https://www.youtube.com/embed/sUvKDi-cFng?feature=oembed\" frameborder=\"0\" allowfullscreen></iframe>\n\n</div>\n\n    <table class=\"noembed-meta-info\">\n      <tr>\n        <td class=\"favicon\"><img src=\"https://noembed.com/favicon/YouTube.png\"></td>\n        <td>YouTube</td>\n        <td align=\"right\">\n          <a title=\"https://www.youtube.com/watch?v=sUvKDi-cFng\" href=\"https://www.youtube.com/watch?v=sUvKDi-cFng\">https://www.youtube.com/watch?v=sUvKDi-cFng</a>\n        </td>\n      </tr>\n    </table>\n  </div>\n</div>\n", "duration": 296, "url": "https://www.youtube.com/watch?v=sUvKDi-cFng", "added": "2016-06-28T21:15:27.358Z", "updated": "2016-06-28T21:15:27.358Z"}}, {"model": "l8pr.item", "pk": 254, "fields": {"title": "Indoor Homemade Skatepark", "description": null, "author_name": "Benjamin Etco", "thumbnail": "https://i.ytimg.com/vi/ZUADfG-wqbA/hqdefault.jpg", "provider_name": "YouTube", "html": "\n<div class=\"noembed-embed \">\n  <div class=\"noembed-wrapper\">\n    \n<div class=\"noembed-embed-inner noembed-youtube\">\n  \n<iframe width=\" 480\" height=\"270\" src=\"https://www.youtube.com/embed/ZUADfG-wqbA?feature=oembed\" frameborder=\"0\" allowfullscreen></iframe>\n\n</div>\n\n    <table class=\"noembed-meta-info\">\n      <tr>\n        <td class=\"favicon\"><img src=\"https://noembed.com/favicon/YouTube.png\"></td>\n        <td>YouTube</td>\n        <td align=\"right\">\n          <a title=\"https://www.youtube.com/watch?v=ZUADfG-wqbA\" href=\"https://www.youtube.com/watch?v=ZUADfG-wqbA\">https://www.youtube.com/watch?v=ZUADfG-wqbA</a>\n        </td>\n      </tr>\n    </table>\n  </div>\n</div>\n", "duration": 19, "url": "https://www.youtube.com/watch?v=ZUADfG-wqbA", "added": "2016-06-28T21:15:27.383Z", "updated": "2016-06-28T21:15:27.383Z"}}, {"model": "l8pr.item", "pk": 255, "fields": {"title": "SlideShow2", "description": null, "author_name": "Benjamin Etco", "thumbnail": "https://i.ytimg.com/vi/6pHIaM682zY/hqdefault.jpg", "provider_name": "YouTube", "html": "\n<div class=\"noembed-embed \">\n  <div class=\"noembed-wrapper\">\n    \n<div class=\"noembed-embed-inner noembed-youtube\">\n  \n<iframe width=\" 480\" height=\"270\" src=\"https://www.youtube.com/embed/6pHIaM682zY?feature=oembed\" frameborder=\"0\" allowfullscreen></iframe>\n\n</div>\n\n    <table class=\"noembed-meta-info\">\n      <tr>\n        <td class=\"favicon\"><img src=\"https://noembed.com/favicon/YouTube.png\"></td>\n        <td>YouTube</td>\n        <td align=\"right\">\n          <a title=\"https://youtu.be/6pHIaM682zY\" href=\"https://youtu.be/6pHIaM682zY\">https://youtu.be/6pHIaM682zY</a>\n        </td>\n      </tr>\n    </table>\n  </div>\n</div>\n", "duration": 121, "url": "https://youtu.be/6pHIaM682zY", "added": "2016-06-28T21:15:27.408Z", "updated": "2016-06-28T21:15:27.409Z"}}, {"model": "l8pr.item", "pk": 256, "fields": {"title": "Du Hoang Ho au Yang Tse Kiang (skip to s)", "description": null, "author_name": "bepsdwardo", "thumbnail": "https://i.ytimg.com/vi/Bp9brL8NLHA/hqdefault.jpg", "provider_name": "YouTube", "html": "\n<div class=\"noembed-embed \">\n  <div class=\"noembed-wrapper\">\n    \n<div class=\"noembed-embed-inner noembed-youtube\">\n  \n<iframe width=\" 480\" height=\"270\" src=\"https://www.youtube.com/embed/Bp9brL8NLHA?feature=oembed&amp;start=12\" frameborder=\"0\" allowfullscreen></iframe>\n\n</div>\n\n    <table class=\"noembed-meta-info\">\n      <tr>\n        <td class=\"favicon\"><img src=\"https://noembed.com/favicon/YouTube.png\"></td>\n        <td>YouTube</td>\n        <td align=\"right\">\n          <a title=\"https://youtu.be/Bp9brL8NLHA?t=12s\" href=\"https://youtu.be/Bp9brL8NLHA?t=12s\">https://youtu.be/Bp9brL8NLHA?t=12s</a>\n        </td>\n      </tr>\n    </table>\n  </div>\n</div>\n", "duration": 276, "url": "https://youtu.be/Bp9brL8NLHA?t=12s", "added": "2016-06-28T21:15:27.441Z", "updated": "2016-06-28T21:15:27.441Z"}}, {"model": "l8pr.item", "pk": 257, "fields": {"title": "Un singe en hiver: l'ivresse", "description": null, "author_name": "Stephane Rituit", "thumbnail": "https://i.ytimg.com/vi/xEC3WPzhGko/hqdefault.jpg", "provider_name": "YouTube", "html": "\n<div class=\"noembed-embed \">\n  <div class=\"noembed-wrapper\">\n    \n<div class=\"noembed-embed-inner noembed-youtube\">\n  \n<iframe width=\" 480\" height=\"270\" src=\"https://www.youtube.com/embed/xEC3WPzhGko?feature=oembed\" frameborder=\"0\" allowfullscreen></iframe>\n\n</div>\n\n    <table class=\"noembed-meta-info\">\n      <tr>\n        <td class=\"favicon\"><img src=\"https://noembed.com/favicon/YouTube.png\"></td>\n        <td>YouTube</td>\n        <td align=\"right\">\n          <a title=\"https://www.youtube.com/watch?v=xEC3WPzhGko\" href=\"https://www.youtube.com/watch?v=xEC3WPzhGko\">https://www.youtube.com/watch?v=xEC3WPzhGko</a>\n        </td>\n      </tr>\n    </table>\n  </div>\n</div>\n", "duration": 100, "url": "https://www.youtube.com/watch?v=xEC3WPzhGko", "added": "2016-06-28T21:15:27.470Z", "updated": "2016-06-28T21:15:27.470Z"}}, {"model": "l8pr.item", "pk": 258, "fields": {"title": "The Story Of Bow & Arrow Marina Abramovic\u0301\ufeff", "description": null, "author_name": "Safa Safaup", "thumbnail": "https://i.ytimg.com/vi/5IJte841c4A/hqdefault.jpg", "provider_name": "YouTube", "html": "\n<div class=\"noembed-embed \">\n  <div class=\"noembed-wrapper\">\n    \n<div class=\"noembed-embed-inner noembed-youtube\">\n  \n<iframe width=\" 459\" height=\"344\" src=\"https://www.youtube.com/embed/5IJte841c4A?feature=oembed\" frameborder=\"0\" allowfullscreen></iframe>\n\n</div>\n\n    <table class=\"noembed-meta-info\">\n      <tr>\n        <td class=\"favicon\"><img src=\"https://noembed.com/favicon/YouTube.png\"></td>\n        <td>YouTube</td>\n        <td align=\"right\">\n          <a title=\"https://www.youtube.com/watch?v=5IJte841c4A\" href=\"https://www.youtube.com/watch?v=5IJte841c4A\">https://www.youtube.com/watch?v=5IJte841c4A</a>\n        </td>\n      </tr>\n    </table>\n  </div>\n</div>\n", "duration": 230, "url": "https://www.youtube.com/watch?v=5IJte841c4A", "added": "2016-06-28T21:15:27.498Z", "updated": "2016-06-28T21:15:27.498Z"}}, {"model": "l8pr.item", "pk": 259, "fields": {"title": "2001: A Space Odyssey-Strauss", "description": null, "author_name": "avigdor samuel jimenez rendon", "thumbnail": "https://i.ytimg.com/vi/UqOOZux5sPE/hqdefault.jpg", "provider_name": "YouTube", "html": "\n<div class=\"noembed-embed \">\n  <div class=\"noembed-wrapper\">\n    \n<div class=\"noembed-embed-inner noembed-youtube\">\n  \n<iframe width=\" 480\" height=\"270\" src=\"https://www.youtube.com/embed/UqOOZux5sPE?feature=oembed\" frameborder=\"0\" allowfullscreen></iframe>\n\n</div>\n\n    <table class=\"noembed-meta-info\">\n      <tr>\n        <td class=\"favicon\"><img src=\"https://noembed.com/favicon/YouTube.png\"></td>\n        <td>YouTube</td>\n        <td align=\"right\">\n          <a title=\"https://www.youtube.com/watch?v=UqOOZux5sPE\" href=\"https://www.youtube.com/watch?v=UqOOZux5sPE\">https://www.youtube.com/watch?v=UqOOZux5sPE</a>\n        </td>\n      </tr>\n    </table>\n  </div>\n</div>\n", "duration": 335, "url": "https://www.youtube.com/watch?v=UqOOZux5sPE", "added": "2016-06-28T21:15:27.525Z", "updated": "2016-06-28T21:15:27.525Z"}}, {"model": "l8pr.item", "pk": 260, "fields": {"title": "#DefineBeauty Pt 3: Sexual impulse under the microscope in \"Cr\u00e8me Caramel\"", "description": null, "author_name": "NOWNESS", "thumbnail": "https://i.ytimg.com/vi/7ooW3hp7og4/hqdefault.jpg", "provider_name": "YouTube", "html": "\n<div class=\"noembed-embed \">\n  <div class=\"noembed-wrapper\">\n    \n<div class=\"noembed-embed-inner noembed-youtube\">\n  \n<iframe width=\" 480\" height=\"270\" src=\"https://www.youtube.com/embed/7ooW3hp7og4?feature=oembed\" frameborder=\"0\" allowfullscreen></iframe>\n\n</div>\n\n    <table class=\"noembed-meta-info\">\n      <tr>\n        <td class=\"favicon\"><img src=\"https://noembed.com/favicon/YouTube.png\"></td>\n        <td>YouTube</td>\n        <td align=\"right\">\n          <a title=\"https://www.youtube.com/watch?v=7ooW3hp7og4\" href=\"https://www.youtube.com/watch?v=7ooW3hp7og4\">https://www.youtube.com/watch?v=7ooW3hp7og4</a>\n        </td>\n      </tr>\n    </table>\n  </div>\n</div>\n", "duration": 258, "url": "https://www.youtube.com/watch?v=7ooW3hp7og4", "added": "2016-06-28T21:15:27.548Z", "updated": "2016-06-28T21:15:27.548Z"}}, {"model": "l8pr.item", "pk": 261, "fields": {"title": "Daft Punk's Electroma opening scene.", "description": null, "author_name": "bitlength", "thumbnail": "https://i.ytimg.com/vi/7vvM-MBiddY/hqdefault.jpg", "provider_name": "YouTube", "html": null, "duration": 346, "url": "https://www.youtube.com/watch?v=7vvM-MBiddY", "added": "2016-06-28T21:15:27.573Z", "updated": "2016-06-28T21:15:27.573Z"}}, {"model": "l8pr.item", "pk": 262, "fields": {"title": "Albert Camus - Discours de r\u00e9ception du prix Nobel, 1957", "description": null, "author_name": "NeroRush23", "thumbnail": "https://i.ytimg.com/vi/M5QD-32MCv4/hqdefault.jpg", "provider_name": "YouTube", "html": "\n<div class=\"noembed-embed \">\n  <div class=\"noembed-wrapper\">\n    \n<div class=\"noembed-embed-inner noembed-youtube\">\n  \n<iframe width=\" 480\" height=\"270\" src=\"https://www.youtube.com/embed/M5QD-32MCv4?feature=oembed\" frameborder=\"0\" allowfullscreen></iframe>\n\n</div>\n\n    <table class=\"noembed-meta-info\">\n      <tr>\n        <td class=\"favicon\"><img src=\"https://noembed.com/favicon/YouTube.png\"></td>\n        <td>YouTube</td>\n        <td align=\"right\">\n          <a title=\"https://www.youtube.com/watch?v=M5QD-32MCv4\" href=\"https://www.youtube.com/watch?v=M5QD-32MCv4\">https://www.youtube.com/watch?v=M5QD-32MCv4</a>\n        </td>\n      </tr>\n    </table>\n  </div>\n</div>\n", "duration": 776, "url": "https://www.youtube.com/watch?v=M5QD-32MCv4", "added": "2016-06-28T21:15:27.605Z", "updated": "2016-06-28T21:15:27.605Z"}}, {"model": "l8pr.item", "pk": 263, "fields": {"title": "1972-EXPANSION by Toshio Matsumoto.avi", "description": null, "author_name": "simonethedog", "thumbnail": "https://i.ytimg.com/vi/hWY0PYjkX-A/hqdefault.jpg", "provider_name": "YouTube", "html": null, "duration": 853, "url": "https://www.youtube.com/watch?v=hWY0PYjkX-A", "added": "2016-06-28T21:15:27.635Z", "updated": "2016-06-28T21:15:27.635Z"}}, {"model": "l8pr.item", "pk": 264, "fields": {"title": "HAKANAI de Adrien M / Claire B | TEMPS D'IMAGES - 04, 05 avril 2014 \u00e0 20h30, Usine C", "description": null, "author_name": "Usine C Montr\u00e9al", "thumbnail": "https://i.ytimg.com/vi/qAYAuJ9dIlE/hqdefault.jpg", "provider_name": "YouTube", "html": "\n<div class=\"noembed-embed \">\n  <div class=\"noembed-wrapper\">\n    \n<div class=\"noembed-embed-inner noembed-youtube\">\n  \n<iframe width=\" 480\" height=\"270\" src=\"https://www.youtube.com/embed/qAYAuJ9dIlE?feature=oembed\" frameborder=\"0\" allowfullscreen></iframe>\n\n</div>\n\n    <table class=\"noembed-meta-info\">\n      <tr>\n        <td class=\"favicon\"><img src=\"https://noembed.com/favicon/YouTube.png\"></td>\n        <td>YouTube</td>\n        <td align=\"right\">\n          <a title=\"https://www.youtube.com/watch?v=qAYAuJ9dIlE\" href=\"https://www.youtube.com/watch?v=qAYAuJ9dIlE\">https://www.youtube.com/watch?v=qAYAuJ9dIlE</a>\n        </td>\n      </tr>\n    </table>\n  </div>\n</div>\n", "duration": 170, "url": "https://www.youtube.com/watch?v=qAYAuJ9dIlE", "added": "2016-06-28T21:15:27.669Z", "updated": "2016-06-28T21:15:27.669Z"}}, {"model": "l8pr.item", "pk": 265, "fields": {"title": "Walt Disney's & Salvador Dali - Destino 2003 (HD 1080p)", "description": null, "author_name": "JOnas3MokaQ", "thumbnail": "https://i.ytimg.com/vi/1GFkN4deuZU/hqdefault.jpg", "provider_name": "YouTube", "html": null, "duration": 392, "url": "https://youtu.be/1GFkN4deuZU", "added": "2016-06-28T21:15:27.691Z", "updated": "2016-06-28T21:15:27.691Z"}}, {"model": "l8pr.item", "pk": 266, "fields": {"title": "Princess Mononoke - 8 Bit Cinema", "description": null, "author_name": "CineFix", "thumbnail": "https://i.ytimg.com/vi/jhkQOj_kkMU/hqdefault.jpg", "provider_name": "YouTube", "html": "\n<div class=\"noembed-embed \">\n  <div class=\"noembed-wrapper\">\n    \n<div class=\"noembed-embed-inner noembed-youtube\">\n  \n<iframe width=\" 480\" height=\"270\" src=\"https://www.youtube.com/embed/jhkQOj_kkMU?feature=oembed\" frameborder=\"0\" allowfullscreen></iframe>\n\n</div>\n\n    <table class=\"noembed-meta-info\">\n      <tr>\n        <td class=\"favicon\"><img src=\"https://noembed.com/favicon/YouTube.png\"></td>\n        <td>YouTube</td>\n        <td align=\"right\">\n          <a title=\"https://www.youtube.com/watch?v=jhkQOj_kkMU\" href=\"https://www.youtube.com/watch?v=jhkQOj_kkMU\">https://www.youtube.com/watch?v=jhkQOj_kkMU</a>\n        </td>\n      </tr>\n    </table>\n  </div>\n</div>\n", "duration": 201, "url": "https://www.youtube.com/watch?v=jhkQOj_kkMU", "added": "2016-06-28T21:15:27.716Z", "updated": "2016-06-28T21:15:27.716Z"}}, {"model": "l8pr.item", "pk": 267, "fields": {"title": "Walt Disney's The Old Mill (1937)", "description": null, "author_name": "fireurgunz", "thumbnail": "https://i.ytimg.com/vi/MYEmL0d0lZE/hqdefault.jpg", "provider_name": "YouTube", "html": "\n<div class=\"noembed-embed \">\n  <div class=\"noembed-wrapper\">\n    \n<div class=\"noembed-embed-inner noembed-youtube\">\n  \n<iframe width=\" 459\" height=\"344\" src=\"https://www.youtube.com/embed/MYEmL0d0lZE?feature=oembed\" frameborder=\"0\" allowfullscreen></iframe>\n\n</div>\n\n    <table class=\"noembed-meta-info\">\n      <tr>\n        <td class=\"favicon\"><img src=\"https://noembed.com/favicon/YouTube.png\"></td>\n        <td>YouTube</td>\n        <td align=\"right\">\n          <a title=\"https://www.youtube.com/watch?v=MYEmL0d0lZE\" href=\"https://www.youtube.com/watch?v=MYEmL0d0lZE\">https://www.youtube.com/watch?v=MYEmL0d0lZE</a>\n        </td>\n      </tr>\n    </table>\n  </div>\n</div>\n", "duration": 524, "url": "https://www.youtube.com/watch?v=MYEmL0d0lZE", "added": "2016-06-28T21:15:27.747Z", "updated": "2016-06-28T21:15:27.747Z"}}, {"model": "l8pr.item", "pk": 268, "fields": {"title": "CGI Tech Demo HD: \"Unamed Sound Sculpture\" by - Onformative", "description": null, "author_name": "The CGBros", "thumbnail": "https://i.ytimg.com/vi/Rk0snQAY5Ws/hqdefault.jpg", "provider_name": "YouTube", "html": "\n<div class=\"noembed-embed \">\n  <div class=\"noembed-wrapper\">\n    \n<div class=\"noembed-embed-inner noembed-youtube\">\n  \n<iframe width=\" 480\" height=\"270\" src=\"https://www.youtube.com/embed/Rk0snQAY5Ws?feature=oembed\" frameborder=\"0\" allowfullscreen></iframe>\n\n</div>\n\n    <table class=\"noembed-meta-info\">\n      <tr>\n        <td class=\"favicon\"><img src=\"https://noembed.com/favicon/YouTube.png\"></td>\n        <td>YouTube</td>\n        <td align=\"right\">\n          <a title=\"https://www.youtube.com/watch?v=Rk0snQAY5Ws\" href=\"https://www.youtube.com/watch?v=Rk0snQAY5Ws\">https://www.youtube.com/watch?v=Rk0snQAY5Ws</a>\n        </td>\n      </tr>\n    </table>\n  </div>\n</div>\n", "duration": 5, "url": "https://www.youtube.com/watch?v=Rk0snQAY5Ws", "added": "2016-06-28T21:15:27.771Z", "updated": "2016-06-28T21:15:27.771Z"}}, {"model": "l8pr.item", "pk": 269, "fields": {"title": "PASTESTRUDER V0.1 first print", "description": null, "author_name": "J. DTRTR", "thumbnail": "https://i.ytimg.com/vi/BFNsryD1dYA/hqdefault.jpg", "provider_name": "YouTube", "html": null, "duration": 14, "url": "https://www.youtube.com/watch?v=BFNsryD1dYA", "added": "2016-06-28T21:15:27.798Z", "updated": "2016-06-28T21:15:27.798Z"}}, {"model": "l8pr.item", "pk": 270, "fields": {"title": "Koudlam : 'Alcoholic's Hymn'", "description": null, "author_name": "jamie Harley", "thumbnail": "https://i.ytimg.com/vi/lCZMmKV34Z0/hqdefault.jpg", "provider_name": "YouTube", "html": null, "duration": 315, "url": "https://www.youtube.com/watch?v=lCZMmKV34Z0", "added": "2016-06-28T21:15:27.829Z", "updated": "2016-06-28T21:15:27.829Z"}}, {"model": "l8pr.item", "pk": 271, "fields": {"title": "Magic Square", "description": null, "author_name": "Duncan Malashock", "thumbnail": "https://i.ytimg.com/vi/McPVjc6xVT8/hqdefault.jpg", "provider_name": "YouTube", "html": null, "duration": 133, "url": "https://youtu.be/McPVjc6xVT8", "added": "2016-06-28T21:15:27.867Z", "updated": "2016-06-28T21:15:27.867Z"}}, {"model": "l8pr.item", "pk": 272, "fields": {"title": "Temple", "description": null, "author_name": "Duncan Malashock", "thumbnail": "https://i.ytimg.com/vi/XpTCfnL2bsg/hqdefault.jpg", "provider_name": "YouTube", "html": null, "duration": 82, "url": "https://youtu.be/XpTCfnL2bsg", "added": "2016-06-28T21:15:27.898Z", "updated": "2016-06-28T21:15:27.898Z"}}, {"model": "l8pr.item", "pk": 319, "fields": {"title": "Parker Lewis full series season 1 episode 10 - Parker Lewis 1990 new HD", "description": null, "author_name": "Parker Lewis 1990", "thumbnail": "https://i.ytimg.com/vi/fVwGaELhXJE/hqdefault.jpg", "provider_name": "YouTube", "html": "\n<div class=\"noembed-embed \">\n  <div class=\"noembed-wrapper\">\n    \n<div class=\"noembed-embed-inner noembed-youtube\">\n  \n<iframe width=\" 480\" height=\"270\" src=\"https://www.youtube.com/embed/fVwGaELhXJE?feature=oembed\" frameborder=\"0\" allowfullscreen></iframe>\n\n</div>\n\n    <table class=\"noembed-meta-info\">\n      <tr>\n        <td class=\"favicon\"><img src=\"https://noembed.com/favicon/YouTube.png\"></td>\n        <td>YouTube</td>\n        <td align=\"right\">\n          <a title=\"https://www.youtube.com/watch?v=fVwGaELhXJE\" href=\"https://www.youtube.com/watch?v=fVwGaELhXJE\">https://www.youtube.com/watch?v=fVwGaELhXJE</a>\n        </td>\n      </tr>\n    </table>\n  </div>\n</div>\n", "duration": 1462, "url": "https://www.youtube.com/watch?v=fVwGaELhXJE", "added": "2016-06-28T21:15:30.458Z", "updated": "2016-06-28T21:15:30.458Z"}}, {"model": "l8pr.item", "pk": 402, "fields": {"title": "Serge Gainsbourg - Ecce homo (Live) - 1981", "description": null, "author_name": "myfairjoker", "thumbnail": "https://i.ytimg.com/vi/MukeH1hWrxY/hqdefault.jpg", "provider_name": "YouTube", "html": "\n<div class=\"noembed-embed \">\n  <div class=\"noembed-wrapper\">\n    \n<div class=\"noembed-embed-inner noembed-youtube\">\n  \n<iframe width=\" 459\" height=\"344\" src=\"https://www.youtube.com/embed/MukeH1hWrxY?feature=oembed\" frameborder=\"0\" allowfullscreen></iframe>\n\n</div>\n\n    <table class=\"noembed-meta-info\">\n      <tr>\n        <td class=\"favicon\"><img src=\"https://noembed.com/favicon/YouTube.png\"></td>\n        <td>YouTube</td>\n        <td align=\"right\">\n          <a title=\"https://www.youtube.com/watch?v=MukeH1hWrxY\" href=\"https://www.youtube.com/watch?v=MukeH1hWrxY\">https://www.youtube.com/watch?v=MukeH1hWrxY</a>\n        </td>\n      </tr>\n    </table>\n  </div>\n</div>\n", "duration": 189, "url": "https://www.youtube.com/watch?v=MukeH1hWrxY", "added": "2016-06-28T21:15:34.014Z", "updated": "2016-06-28T21:15:34.014Z"}}, {"model": "l8pr.item", "pk": 403, "fields": {"title": "Serge Gainsbourg et etienne Daho", "description": null, "author_name": "celipat56", "thumbnail": "https://i.ytimg.com/vi/A23FoIaZf7g/hqdefault.jpg", "provider_name": "YouTube", "html": "\n<div class=\"noembed-embed \">\n  <div class=\"noembed-wrapper\">\n    \n<div class=\"noembed-embed-inner noembed-youtube\">\n  \n<iframe width=\" 459\" height=\"344\" src=\"https://www.youtube.com/embed/A23FoIaZf7g?feature=oembed\" frameborder=\"0\" allowfullscreen></iframe>\n\n</div>\n\n    <table class=\"noembed-meta-info\">\n      <tr>\n        <td class=\"favicon\"><img src=\"https://noembed.com/favicon/YouTube.png\"></td>\n        <td>YouTube</td>\n        <td align=\"right\">\n          <a title=\"https://www.youtube.com/watch?v=A23FoIaZf7g\" href=\"https://www.youtube.com/watch?v=A23FoIaZf7g\">https://www.youtube.com/watch?v=A23FoIaZf7g</a>\n        </td>\n      </tr>\n    </table>\n  </div>\n</div>\n", "duration": 681, "url": "https://www.youtube.com/watch?v=A23FoIaZf7g", "added": "2016-06-28T21:15:34.111Z", "updated": "2016-06-28T21:15:34.111Z"}}, {"model": "l8pr.item", "pk": 404, "fields": {"title": "Ennui Mineur by KOOL SHY Productions", "description": null, "author_name": "KOOL SHY Productions", "thumbnail": "http://i1.sndcdn.com/artworks-000135009144-2avnbx-t500x500.jpg", "provider_name": "SoundCloud", "html": "\n<div class=\"noembed-embed \">\n  <div class=\"noembed-wrapper\">\n    \n<div class=\"noembed-embed-inner noembed-soundcloud\">\n  <iframe width=\"100%\" height=\"400\" scrolling=\"no\" frameborder=\"no\" src=\"https://w.soundcloud.com/player/?visual=true&url=http%3A%2F%2Fapi.soundcloud.com%2Ftracks%2F221870589&show_artwork=true\"></iframe>\n</div>\n\n    <table class=\"noembed-meta-info\">\n      <tr>\n        <td class=\"favicon\"><img src=\"https://noembed.com/favicon/SoundCloud.png\"></td>\n        <td>SoundCloud</td>\n        <td align=\"right\">\n          <a title=\"https://soundcloud.com/kool-shy-productions/ennui-mineur\" href=\"https://soundcloud.com/kool-shy-productions/ennui-mineur\">https://soundcloud.com/kool-shy-productions/ennui-</a>\n        </td>\n      </tr>\n    </table>\n  </div>\n</div>\n", "duration": 201, "url": "https://soundcloud.com/kool-shy-productions/ennui-mineur", "added": "2016-06-28T21:15:34.209Z", "updated": "2016-06-28T21:15:34.209Z"}}, {"model": "l8pr.item", "pk": 405, "fields": {"title": "Serge Gainsbourg - L'anamour \u266b", "description": null, "author_name": "FRED lagonbleu", "thumbnail": "https://i.ytimg.com/vi/zjpDtcHS7Sg/hqdefault.jpg", "provider_name": "YouTube", "html": "\n<div class=\"noembed-embed \">\n  <div class=\"noembed-wrapper\">\n    \n<div class=\"noembed-embed-inner noembed-youtube\">\n  \n<iframe width=\" 459\" height=\"344\" src=\"https://www.youtube.com/embed/zjpDtcHS7Sg?feature=oembed\" frameborder=\"0\" allowfullscreen></iframe>\n\n</div>\n\n    <table class=\"noembed-meta-info\">\n      <tr>\n        <td class=\"favicon\"><img src=\"https://noembed.com/favicon/YouTube.png\"></td>\n        <td>YouTube</td>\n        <td align=\"right\">\n          <a title=\"https://www.youtube.com/watch?v=zjpDtcHS7Sg\" href=\"https://www.youtube.com/watch?v=zjpDtcHS7Sg\">https://www.youtube.com/watch?v=zjpDtcHS7Sg</a>\n        </td>\n      </tr>\n    </table>\n  </div>\n</div>\n", "duration": 139, "url": "https://www.youtube.com/watch?v=zjpDtcHS7Sg", "added": "2016-06-28T21:15:34.276Z", "updated": "2016-06-28T21:15:34.276Z"}}, {"model": "l8pr.item", "pk": 406, "fields": {"title": "Serge Gainsbourg & Brigitte Bardot - Bonnie And Clyde (1968)", "description": null, "author_name": "Hits70s", "thumbnail": "https://i.ytimg.com/vi/dY9PY4r83p8/hqdefault.jpg", "provider_name": "YouTube", "html": "\n<div class=\"noembed-embed \">\n  <div class=\"noembed-wrapper\">\n    \n<div class=\"noembed-embed-inner noembed-youtube\">\n  \n<iframe width=\" 459\" height=\"344\" src=\"https://www.youtube.com/embed/dY9PY4r83p8?feature=oembed\" frameborder=\"0\" allowfullscreen></iframe>\n\n</div>\n\n    <table class=\"noembed-meta-info\">\n      <tr>\n        <td class=\"favicon\"><img src=\"https://noembed.com/favicon/YouTube.png\"></td>\n        <td>YouTube</td>\n        <td align=\"right\">\n          <a title=\"https://www.youtube.com/watch?v=dY9PY4r83p8\" href=\"https://www.youtube.com/watch?v=dY9PY4r83p8\">https://www.youtube.com/watch?v=dY9PY4r83p8</a>\n        </td>\n      </tr>\n    </table>\n  </div>\n</div>\n", "duration": 254, "url": "https://www.youtube.com/watch?v=dY9PY4r83p8", "added": "2016-06-28T21:15:34.337Z", "updated": "2016-06-28T21:15:34.337Z"}}, {"model": "l8pr.item", "pk": 407, "fields": {"title": "La d\u00e9cadanse by Serge Gainsbourg by Mildy Forbes", "description": null, "author_name": "Mildy Forbes", "thumbnail": "http://i1.sndcdn.com/artworks-000002141698-a9hhp3-t500x500.jpg", "provider_name": "SoundCloud", "html": "\n<div class=\"noembed-embed \">\n  <div class=\"noembed-wrapper\">\n    \n<div class=\"noembed-embed-inner noembed-soundcloud\">\n  <iframe width=\"100%\" height=\"400\" scrolling=\"no\" frameborder=\"no\" src=\"https://w.soundcloud.com/player/?visual=true&url=http%3A%2F%2Fapi.soundcloud.com%2Ftracks%2F4739266&show_artwork=true\"></iframe>\n</div>\n\n    <table class=\"noembed-meta-info\">\n      <tr>\n        <td class=\"favicon\"><img src=\"https://noembed.com/favicon/SoundCloud.png\"></td>\n        <td>SoundCloud</td>\n        <td align=\"right\">\n          <a title=\"https://soundcloud.com/mildy-forbes/la-decadanse-by-serge-gainsbourg\" href=\"https://soundcloud.com/mildy-forbes/la-decadanse-by-serge-gainsbourg\">https://soundcloud.com/mildy-forbes/la-decadanse-b</a>\n        </td>\n      </tr>\n    </table>\n  </div>\n</div>\n", "duration": 313, "url": "https://soundcloud.com/mildy-forbes/la-decadanse-by-serge-gainsbourg", "added": "2016-06-28T21:15:34.418Z", "updated": "2016-06-28T21:15:34.418Z"}}, {"model": "l8pr.item", "pk": 408, "fields": {"title": "Gainsbourg - All the things you are", "description": null, "author_name": "asefthukom", "thumbnail": "https://i.ytimg.com/vi/iSA8wIGaENA/hqdefault.jpg", "provider_name": "YouTube", "html": "\n<div class=\"noembed-embed \">\n  <div class=\"noembed-wrapper\">\n    \n<div class=\"noembed-embed-inner noembed-youtube\">\n  \n<iframe width=\" 459\" height=\"344\" src=\"https://www.youtube.com/embed/iSA8wIGaENA?feature=oembed\" frameborder=\"0\" allowfullscreen></iframe>\n\n</div>\n\n    <table class=\"noembed-meta-info\">\n      <tr>\n        <td class=\"favicon\"><img src=\"https://noembed.com/favicon/YouTube.png\"></td>\n        <td>YouTube</td>\n        <td align=\"right\">\n          <a title=\"https://www.youtube.com/watch?v=iSA8wIGaENA\" href=\"https://www.youtube.com/watch?v=iSA8wIGaENA\">https://www.youtube.com/watch?v=iSA8wIGaENA</a>\n        </td>\n      </tr>\n    </table>\n  </div>\n</div>\n", "duration": 134, "url": "https://www.youtube.com/watch?v=iSA8wIGaENA", "added": "2016-06-28T21:15:34.469Z", "updated": "2016-06-28T21:15:34.470Z"}}, {"model": "l8pr.item", "pk": 409, "fields": {"title": "Serge Gainsbourg - Interview - 1968", "description": null, "author_name": "WhynotPossible", "thumbnail": "https://i.ytimg.com/vi/yACQ2gbndvQ/hqdefault.jpg", "provider_name": "YouTube", "html": "\n<div class=\"noembed-embed \">\n  <div class=\"noembed-wrapper\">\n    \n<div class=\"noembed-embed-inner noembed-youtube\">\n  \n<iframe width=\" 459\" height=\"344\" src=\"https://www.youtube.com/embed/yACQ2gbndvQ?feature=oembed\" frameborder=\"0\" allowfullscreen></iframe>\n\n</div>\n\n    <table class=\"noembed-meta-info\">\n      <tr>\n        <td class=\"favicon\"><img src=\"https://noembed.com/favicon/YouTube.png\"></td>\n        <td>YouTube</td>\n        <td align=\"right\">\n          <a title=\"https://www.youtube.com/watch?v=yACQ2gbndvQ\" href=\"https://www.youtube.com/watch?v=yACQ2gbndvQ\">https://www.youtube.com/watch?v=yACQ2gbndvQ</a>\n        </td>\n      </tr>\n    </table>\n  </div>\n</div>\n", "duration": 722, "url": "https://www.youtube.com/watch?v=yACQ2gbndvQ", "added": "2016-06-28T21:15:34.522Z", "updated": "2016-06-28T21:15:34.522Z"}}, {"model": "l8pr.item", "pk": 410, "fields": {"title": "Serge Gainsbourg and Jane Birkin- 69 Anne\u0301e E\u0301rotique by TAKE A DRAG OR TWO", "description": null, "author_name": "TAKE A DRAG OR TWO", "thumbnail": "http://a1.sndcdn.com/images/fb_placeholder.png?1447352542", "provider_name": "SoundCloud", "html": "\n<div class=\"noembed-embed \">\n  <div class=\"noembed-wrapper\">\n    \n<div class=\"noembed-embed-inner noembed-soundcloud\">\n  <iframe width=\"100%\" height=\"400\" scrolling=\"no\" frameborder=\"no\" src=\"https://w.soundcloud.com/player/?visual=true&url=http%3A%2F%2Fapi.soundcloud.com%2Ftracks%2F4836045&show_artwork=true\"></iframe>\n</div>\n\n    <table class=\"noembed-meta-info\">\n      <tr>\n        <td class=\"favicon\"><img src=\"https://noembed.com/favicon/SoundCloud.png\"></td>\n        <td>SoundCloud</td>\n        <td align=\"right\">\n          <a title=\"https://soundcloud.com/take-a-drag-or-two/serge-gainsbourg-and-jane-birkin-69-annee-erotique\" href=\"https://soundcloud.com/take-a-drag-or-two/serge-gainsbourg-and-jane-birkin-69-annee-erotique\">https://soundcloud.com/take-a-drag-or-two/serge-ga</a>\n        </td>\n      </tr>\n    </table>\n  </div>\n</div>\n", "duration": 199, "url": "https://soundcloud.com/take-a-drag-or-two/serge-gainsbourg-and-jane-birkin-69-annee-erotique", "added": "2016-06-28T21:15:34.559Z", "updated": "2016-06-28T21:15:34.559Z"}}, {"model": "l8pr.item", "pk": 411, "fields": {"title": "Jane Birkin et Serge Gainsbourg - Je T'aime,...Moi Non Plus  dL edit by Decades", "description": null, "author_name": "Decades", "thumbnail": "http://i1.sndcdn.com/artworks-000050638195-x1jtlk-t500x500.jpg", "provider_name": "SoundCloud", "html": "\n<div class=\"noembed-embed \">\n  <div class=\"noembed-wrapper\">\n    \n<div class=\"noembed-embed-inner noembed-soundcloud\">\n  <iframe width=\"100%\" height=\"400\" scrolling=\"no\" frameborder=\"no\" src=\"https://w.soundcloud.com/player/?visual=true&url=http%3A%2F%2Fapi.soundcloud.com%2Ftracks%2F96968992&show_artwork=true\"></iframe>\n</div>\n\n    <table class=\"noembed-meta-info\">\n      <tr>\n        <td class=\"favicon\"><img src=\"https://noembed.com/favicon/SoundCloud.png\"></td>\n        <td>SoundCloud</td>\n        <td align=\"right\">\n          <a title=\"https://soundcloud.com/decades/serge-gainsborough-je-taime\" href=\"https://soundcloud.com/decades/serge-gainsborough-je-taime\">https://soundcloud.com/decades/serge-gainsborough-</a>\n        </td>\n      </tr>\n    </table>\n  </div>\n</div>\n", "duration": 288, "url": "https://soundcloud.com/decades/serge-gainsborough-je-taime", "added": "2016-06-28T21:15:34.599Z", "updated": "2016-06-28T21:15:34.599Z"}}, {"model": "l8pr.item", "pk": 412, "fields": {"title": "SERGE GAINSBOURG   NY USA rare version 67", "description": null, "author_name": "Gainsbarr\u00e924", "thumbnail": "https://i.ytimg.com/vi/C11QMm02kLY/hqdefault.jpg", "provider_name": "YouTube", "html": "\n<div class=\"noembed-embed \">\n  <div class=\"noembed-wrapper\">\n    \n<div class=\"noembed-embed-inner noembed-youtube\">\n  \n<iframe width=\" 459\" height=\"344\" src=\"https://www.youtube.com/embed/C11QMm02kLY?feature=oembed\" frameborder=\"0\" allowfullscreen></iframe>\n\n</div>\n\n    <table class=\"noembed-meta-info\">\n      <tr>\n        <td class=\"favicon\"><img src=\"https://noembed.com/favicon/YouTube.png\"></td>\n        <td>YouTube</td>\n        <td align=\"right\">\n          <a title=\"https://www.youtube.com/watch?v=C11QMm02kLY\" href=\"https://www.youtube.com/watch?v=C11QMm02kLY\">https://www.youtube.com/watch?v=C11QMm02kLY</a>\n        </td>\n      </tr>\n    </table>\n  </div>\n</div>\n", "duration": 133, "url": "https://www.youtube.com/watch?v=C11QMm02kLY", "added": "2016-06-28T21:15:34.623Z", "updated": "2016-06-28T21:15:34.623Z"}}, {"model": "l8pr.item", "pk": 413, "fields": {"title": "Beck & Jane Birkin - L'anamour", "description": null, "author_name": "pollutiongirl", "thumbnail": "https://i.ytimg.com/vi/seLS8M3hK-c/hqdefault.jpg", "provider_name": "YouTube", "html": "\n<div class=\"noembed-embed \">\n  <div class=\"noembed-wrapper\">\n    \n<div class=\"noembed-embed-inner noembed-youtube\">\n  \n<iframe width=\" 480\" height=\"270\" src=\"https://www.youtube.com/embed/seLS8M3hK-c?feature=oembed\" frameborder=\"0\" allowfullscreen></iframe>\n\n</div>\n\n    <table class=\"noembed-meta-info\">\n      <tr>\n        <td class=\"favicon\"><img src=\"https://noembed.com/favicon/YouTube.png\"></td>\n        <td>YouTube</td>\n        <td align=\"right\">\n          <a title=\"https://www.youtube.com/watch?v=seLS8M3hK-c\" href=\"https://www.youtube.com/watch?v=seLS8M3hK-c\">https://www.youtube.com/watch?v=seLS8M3hK-c</a>\n        </td>\n      </tr>\n    </table>\n  </div>\n</div>\n", "duration": 183, "url": "https://www.youtube.com/watch?v=seLS8M3hK-c", "added": "2016-06-28T21:15:34.648Z", "updated": "2016-06-28T21:15:34.648Z"}}, {"model": "l8pr.item", "pk": 414, "fields": {"title": "Gainsbourg   La javanaise", "description": null, "author_name": "John Keats", "thumbnail": "https://i.ytimg.com/vi/OaX9srZVweA/hqdefault.jpg", "provider_name": "YouTube", "html": "\n<div class=\"noembed-embed \">\n  <div class=\"noembed-wrapper\">\n    \n<div class=\"noembed-embed-inner noembed-youtube\">\n  \n<iframe width=\" 459\" height=\"344\" src=\"https://www.youtube.com/embed/OaX9srZVweA?feature=oembed\" frameborder=\"0\" allowfullscreen></iframe>\n\n</div>\n\n    <table class=\"noembed-meta-info\">\n      <tr>\n        <td class=\"favicon\"><img src=\"https://noembed.com/favicon/YouTube.png\"></td>\n        <td>YouTube</td>\n        <td align=\"right\">\n          <a title=\"https://www.youtube.com/watch?v=OaX9srZVweA\" href=\"https://www.youtube.com/watch?v=OaX9srZVweA\">https://www.youtube.com/watch?v=OaX9srZVweA</a>\n        </td>\n      </tr>\n    </table>\n  </div>\n</div>\n", "duration": 147, "url": "https://www.youtube.com/watch?v=OaX9srZVweA", "added": "2016-06-28T21:15:34.685Z", "updated": "2016-06-28T21:15:34.685Z"}}, {"model": "l8pr.item", "pk": 415, "fields": {"title": "Serge Gainsbourg - Ballade de Melody Nelson", "description": null, "author_name": "Fran\u00e7ois Miet", "thumbnail": "https://i.ytimg.com/vi/cIDuE4U_fZg/hqdefault.jpg", "provider_name": "YouTube", "html": "\n<div class=\"noembed-embed \">\n  <div class=\"noembed-wrapper\">\n    \n<div class=\"noembed-embed-inner noembed-youtube\">\n  \n<iframe width=\" 459\" height=\"344\" src=\"https://www.youtube.com/embed/cIDuE4U_fZg?feature=oembed\" frameborder=\"0\" allowfullscreen></iframe>\n\n</div>\n\n    <table class=\"noembed-meta-info\">\n      <tr>\n        <td class=\"favicon\"><img src=\"https://noembed.com/favicon/YouTube.png\"></td>\n        <td>YouTube</td>\n        <td align=\"right\">\n          <a title=\"https://www.youtube.com/watch?v=cIDuE4U_fZg\" href=\"https://www.youtube.com/watch?v=cIDuE4U_fZg\">https://www.youtube.com/watch?v=cIDuE4U_fZg</a>\n        </td>\n      </tr>\n    </table>\n  </div>\n</div>\n", "duration": 123, "url": "https://www.youtube.com/watch?v=cIDuE4U_fZg", "added": "2016-06-28T21:15:34.717Z", "updated": "2016-06-28T21:15:34.717Z"}}, {"model": "l8pr.item", "pk": 416, "fields": {"title": "Serge Gainsbourg la chanson de Pr\u00e9vert", "description": null, "author_name": "Didier Torche", "thumbnail": "https://i.ytimg.com/vi/IzuTdVJG-ck/hqdefault.jpg", "provider_name": "YouTube", "html": "\n<div class=\"noembed-embed \">\n  <div class=\"noembed-wrapper\">\n    \n<div class=\"noembed-embed-inner noembed-youtube\">\n  \n<iframe width=\" 459\" height=\"344\" src=\"https://www.youtube.com/embed/IzuTdVJG-ck?feature=oembed\" frameborder=\"0\" allowfullscreen></iframe>\n\n</div>\n\n    <table class=\"noembed-meta-info\">\n      <tr>\n        <td class=\"favicon\"><img src=\"https://noembed.com/favicon/YouTube.png\"></td>\n        <td>YouTube</td>\n        <td align=\"right\">\n          <a title=\"https://www.youtube.com/watch?v=IzuTdVJG-ck\" href=\"https://www.youtube.com/watch?v=IzuTdVJG-ck\">https://www.youtube.com/watch?v=IzuTdVJG-ck</a>\n        </td>\n      </tr>\n    </table>\n  </div>\n</div>\n", "duration": 184, "url": "https://www.youtube.com/watch?v=IzuTdVJG-ck", "added": "2016-06-28T21:15:34.743Z", "updated": "2016-06-28T21:15:34.743Z"}}, {"model": "l8pr.item", "pk": 417, "fields": {"title": "Slogan (1969) trailer", "description": null, "author_name": "7173Productions", "thumbnail": "https://i.ytimg.com/vi/Qqfd5xZZ30E/hqdefault.jpg", "provider_name": "YouTube", "html": "\n<div class=\"noembed-embed \">\n  <div class=\"noembed-wrapper\">\n    \n<div class=\"noembed-embed-inner noembed-youtube\">\n  \n<iframe width=\" 459\" height=\"344\" src=\"https://www.youtube.com/embed/Qqfd5xZZ30E?feature=oembed\" frameborder=\"0\" allowfullscreen></iframe>\n\n</div>\n\n    <table class=\"noembed-meta-info\">\n      <tr>\n        <td class=\"favicon\"><img src=\"https://noembed.com/favicon/YouTube.png\"></td>\n        <td>YouTube</td>\n        <td align=\"right\">\n          <a title=\"https://www.youtube.com/watch?v=Qqfd5xZZ30E\" href=\"https://www.youtube.com/watch?v=Qqfd5xZZ30E\">https://www.youtube.com/watch?v=Qqfd5xZZ30E</a>\n        </td>\n      </tr>\n    </table>\n  </div>\n</div>\n", "duration": 91, "url": "https://www.youtube.com/watch?v=Qqfd5xZZ30E", "added": "2016-06-28T21:15:34.770Z", "updated": "2016-06-28T21:15:34.770Z"}}, {"model": "l8pr.item", "pk": 418, "fields": {"title": "Initials BB - Serge Gainsbourg", "description": null, "author_name": "Cristian Trujillo", "thumbnail": "https://i.ytimg.com/vi/VPOYtC1n5bE/hqdefault.jpg", "provider_name": "YouTube", "html": "\n<div class=\"noembed-embed \">\n  <div class=\"noembed-wrapper\">\n    \n<div class=\"noembed-embed-inner noembed-youtube\">\n  \n<iframe width=\" 459\" height=\"344\" src=\"https://www.youtube.com/embed/VPOYtC1n5bE?feature=oembed\" frameborder=\"0\" allowfullscreen></iframe>\n\n</div>\n\n    <table class=\"noembed-meta-info\">\n      <tr>\n        <td class=\"favicon\"><img src=\"https://noembed.com/favicon/YouTube.png\"></td>\n        <td>YouTube</td>\n        <td align=\"right\">\n          <a title=\"https://www.youtube.com/watch?v=VPOYtC1n5bE\" href=\"https://www.youtube.com/watch?v=VPOYtC1n5bE\">https://www.youtube.com/watch?v=VPOYtC1n5bE</a>\n        </td>\n      </tr>\n    </table>\n  </div>\n</div>\n", "duration": 213, "url": "https://www.youtube.com/watch?v=VPOYtC1n5bE", "added": "2016-06-28T21:15:34.798Z", "updated": "2016-06-28T21:15:34.798Z"}}, {"model": "l8pr.item", "pk": 419, "fields": {"title": "Serge Gainsbourg, Le Poin\u00e7onneur des Lilas, 1959", "description": null, "author_name": "vse vyshe", "thumbnail": "https://i.ytimg.com/vi/E8ZCvYg5-ZQ/hqdefault.jpg", "provider_name": "YouTube", "html": "\n<div class=\"noembed-embed \">\n  <div class=\"noembed-wrapper\">\n    \n<div class=\"noembed-embed-inner noembed-youtube\">\n  \n<iframe width=\" 459\" height=\"344\" src=\"https://www.youtube.com/embed/E8ZCvYg5-ZQ?feature=oembed\" frameborder=\"0\" allowfullscreen></iframe>\n\n</div>\n\n    <table class=\"noembed-meta-info\">\n      <tr>\n        <td class=\"favicon\"><img src=\"https://noembed.com/favicon/YouTube.png\"></td>\n        <td>YouTube</td>\n        <td align=\"right\">\n          <a title=\"https://www.youtube.com/watch?v=E8ZCvYg5-ZQ\" href=\"https://www.youtube.com/watch?v=E8ZCvYg5-ZQ\">https://www.youtube.com/watch?v=E8ZCvYg5-ZQ</a>\n        </td>\n      </tr>\n    </table>\n  </div>\n</div>\n", "duration": 3, "url": "https://www.youtube.com/watch?v=E8ZCvYg5-ZQ", "added": "2016-06-28T21:15:34.828Z", "updated": "2016-06-28T21:15:34.828Z"}}]