[
    {
        "fields": {
            "codename": "add_logentry",
            "content_type": 1,
            "name": "Can add log entry"
        },
        "model": "auth.permission",
        "pk": 1
    },
    {
        "fields": {
            "codename": "change_logentry",
            "content_type": 1,
            "name": "Can change log entry"
        },
        "model": "auth.permission",
        "pk": 2
    },
    {
        "fields": {
            "codename": "delete_logentry",
            "content_type": 1,
            "name": "Can delete log entry"
        },
        "model": "auth.permission",
        "pk": 3
    },
    {
        "fields": {
            "codename": "add_permission",
            "content_type": 2,
            "name": "Can add permission"
        },
        "model": "auth.permission",
        "pk": 4
    },
    {
        "fields": {
            "codename": "change_permission",
            "content_type": 2,
            "name": "Can change permission"
        },
        "model": "auth.permission",
        "pk": 5
    },
    {
        "fields": {
            "codename": "delete_permission",
            "content_type": 2,
            "name": "Can delete permission"
        },
        "model": "auth.permission",
        "pk": 6
    },
    {
        "fields": {
            "codename": "add_group",
            "content_type": 3,
            "name": "Can add group"
        },
        "model": "auth.permission",
        "pk": 7
    },
    {
        "fields": {
            "codename": "change_group",
            "content_type": 3,
            "name": "Can change group"
        },
        "model": "auth.permission",
        "pk": 8
    },
    {
        "fields": {
            "codename": "delete_group",
            "content_type": 3,
            "name": "Can delete group"
        },
        "model": "auth.permission",
        "pk": 9
    },
    {
        "fields": {
            "codename": "add_user",
            "content_type": 4,
            "name": "Can add user"
        },
        "model": "auth.permission",
        "pk": 10
    },
    {
        "fields": {
            "codename": "change_user",
            "content_type": 4,
            "name": "Can change user"
        },
        "model": "auth.permission",
        "pk": 11
    },
    {
        "fields": {
            "codename": "delete_user",
            "content_type": 4,
            "name": "Can delete user"
        },
        "model": "auth.permission",
        "pk": 12
    },
    {
        "fields": {
            "codename": "add_contenttype",
            "content_type": 5,
            "name": "Can add content type"
        },
        "model": "auth.permission",
        "pk": 13
    },
    {
        "fields": {
            "codename": "change_contenttype",
            "content_type": 5,
            "name": "Can change content type"
        },
        "model": "auth.permission",
        "pk": 14
    },
    {
        "fields": {
            "codename": "delete_contenttype",
            "content_type": 5,
            "name": "Can delete content type"
        },
        "model": "auth.permission",
        "pk": 15
    },
    {
        "fields": {
            "codename": "add_session",
            "content_type": 6,
            "name": "Can add session"
        },
        "model": "auth.permission",
        "pk": 16
    },
    {
        "fields": {
            "codename": "change_session",
            "content_type": 6,
            "name": "Can change session"
        },
        "model": "auth.permission",
        "pk": 17
    },
    {
        "fields": {
            "codename": "delete_session",
            "content_type": 6,
            "name": "Can delete session"
        },
        "model": "auth.permission",
        "pk": 18
    },
    {
        "fields": {
            "codename": "add_application",
            "content_type": 7,
            "name": "Can add application"
        },
        "model": "auth.permission",
        "pk": 19
    },
    {
        "fields": {
            "codename": "change_application",
            "content_type": 7,
            "name": "Can change application"
        },
        "model": "auth.permission",
        "pk": 20
    },
    {
        "fields": {
            "codename": "delete_application",
            "content_type": 7,
            "name": "Can delete application"
        },
        "model": "auth.permission",
        "pk": 21
    },
    {
        "fields": {
            "codename": "add_grant",
            "content_type": 8,
            "name": "Can add grant"
        },
        "model": "auth.permission",
        "pk": 22
    },
    {
        "fields": {
            "codename": "change_grant",
            "content_type": 8,
            "name": "Can change grant"
        },
        "model": "auth.permission",
        "pk": 23
    },
    {
        "fields": {
            "codename": "delete_grant",
            "content_type": 8,
            "name": "Can delete grant"
        },
        "model": "auth.permission",
        "pk": 24
    },
    {
        "fields": {
            "codename": "add_accesstoken",
            "content_type": 9,
            "name": "Can add access token"
        },
        "model": "auth.permission",
        "pk": 25
    },
    {
        "fields": {
            "codename": "change_accesstoken",
            "content_type": 9,
            "name": "Can change access token"
        },
        "model": "auth.permission",
        "pk": 26
    },
    {
        "fields": {
            "codename": "delete_accesstoken",
            "content_type": 9,
            "name": "Can delete access token"
        },
        "model": "auth.permission",
        "pk": 27
    },
    {
        "fields": {
            "codename": "add_refreshtoken",
            "content_type": 10,
            "name": "Can add refresh token"
        },
        "model": "auth.permission",
        "pk": 28
    },
    {
        "fields": {
            "codename": "change_refreshtoken",
            "content_type": 10,
            "name": "Can change refresh token"
        },
        "model": "auth.permission",
        "pk": 29
    },
    {
        "fields": {
            "codename": "delete_refreshtoken",
            "content_type": 10,
            "name": "Can delete refresh token"
        },
        "model": "auth.permission",
        "pk": 30
    },
    {
        "fields": {
            "codename": "add_usersocialauth",
            "content_type": 11,
            "name": "Can add user social auth"
        },
        "model": "auth.permission",
        "pk": 31
    },
    {
        "fields": {
            "codename": "change_usersocialauth",
            "content_type": 11,
            "name": "Can change user social auth"
        },
        "model": "auth.permission",
        "pk": 32
    },
    {
        "fields": {
            "codename": "delete_usersocialauth",
            "content_type": 11,
            "name": "Can delete user social auth"
        },
        "model": "auth.permission",
        "pk": 33
    },
    {
        "fields": {
            "codename": "add_nonce",
            "content_type": 12,
            "name": "Can add nonce"
        },
        "model": "auth.permission",
        "pk": 34
    },
    {
        "fields": {
            "codename": "change_nonce",
            "content_type": 12,
            "name": "Can change nonce"
        },
        "model": "auth.permission",
        "pk": 35
    },
    {
        "fields": {
            "codename": "delete_nonce",
            "content_type": 12,
            "name": "Can delete nonce"
        },
        "model": "auth.permission",
        "pk": 36
    },
    {
        "fields": {
            "codename": "add_association",
            "content_type": 13,
            "name": "Can add association"
        },
        "model": "auth.permission",
        "pk": 37
    },
    {
        "fields": {
            "codename": "change_association",
            "content_type": 13,
            "name": "Can change association"
        },
        "model": "auth.permission",
        "pk": 38
    },
    {
        "fields": {
            "codename": "delete_association",
            "content_type": 13,
            "name": "Can delete association"
        },
        "model": "auth.permission",
        "pk": 39
    },
    {
        "fields": {
            "codename": "add_code",
            "content_type": 14,
            "name": "Can add code"
        },
        "model": "auth.permission",
        "pk": 40
    },
    {
        "fields": {
            "codename": "change_code",
            "content_type": 14,
            "name": "Can change code"
        },
        "model": "auth.permission",
        "pk": 41
    },
    {
        "fields": {
            "codename": "delete_code",
            "content_type": 14,
            "name": "Can delete code"
        },
        "model": "auth.permission",
        "pk": 42
    },
    {
        "fields": {
            "codename": "add_profile",
            "content_type": 15,
            "name": "Can add profile"
        },
        "model": "auth.permission",
        "pk": 43
    },
    {
        "fields": {
            "codename": "change_profile",
            "content_type": 15,
            "name": "Can change profile"
        },
        "model": "auth.permission",
        "pk": 44
    },
    {
        "fields": {
            "codename": "delete_profile",
            "content_type": 15,
            "name": "Can delete profile"
        },
        "model": "auth.permission",
        "pk": 45
    },
    {
        "fields": {
            "codename": "add_loop",
            "content_type": 16,
            "name": "Can add loop"
        },
        "model": "auth.permission",
        "pk": 46
    },
    {
        "fields": {
            "codename": "change_loop",
            "content_type": 16,
            "name": "Can change loop"
        },
        "model": "auth.permission",
        "pk": 47
    },
    {
        "fields": {
            "codename": "delete_loop",
            "content_type": 16,
            "name": "Can delete loop"
        },
        "model": "auth.permission",
        "pk": 48
    },
    {
        "fields": {
            "codename": "add_showsrelationship",
            "content_type": 17,
            "name": "Can add shows relationship"
        },
        "model": "auth.permission",
        "pk": 49
    },
    {
        "fields": {
            "codename": "change_showsrelationship",
            "content_type": 17,
            "name": "Can change shows relationship"
        },
        "model": "auth.permission",
        "pk": 50
    },
    {
        "fields": {
            "codename": "delete_showsrelationship",
            "content_type": 17,
            "name": "Can delete shows relationship"
        },
        "model": "auth.permission",
        "pk": 51
    },
    {
        "fields": {
            "codename": "add_showsettings",
            "content_type": 18,
            "name": "Can add show settings"
        },
        "model": "auth.permission",
        "pk": 52
    },
    {
        "fields": {
            "codename": "change_showsettings",
            "content_type": 18,
            "name": "Can change show settings"
        },
        "model": "auth.permission",
        "pk": 53
    },
    {
        "fields": {
            "codename": "delete_showsettings",
            "content_type": 18,
            "name": "Can delete show settings"
        },
        "model": "auth.permission",
        "pk": 54
    },
    {
        "fields": {
            "codename": "add_show",
            "content_type": 19,
            "name": "Can add show"
        },
        "model": "auth.permission",
        "pk": 55
    },
    {
        "fields": {
            "codename": "change_show",
            "content_type": 19,
            "name": "Can change show"
        },
        "model": "auth.permission",
        "pk": 56
    },
    {
        "fields": {
            "codename": "delete_show",
            "content_type": 19,
            "name": "Can delete show"
        },
        "model": "auth.permission",
        "pk": 57
    },
    {
        "fields": {
            "codename": "add_itemsrelationship",
            "content_type": 20,
            "name": "Can add items relationship"
        },
        "model": "auth.permission",
        "pk": 58
    },
    {
        "fields": {
            "codename": "change_itemsrelationship",
            "content_type": 20,
            "name": "Can change items relationship"
        },
        "model": "auth.permission",
        "pk": 59
    },
    {
        "fields": {
            "codename": "delete_itemsrelationship",
            "content_type": 20,
            "name": "Can delete items relationship"
        },
        "model": "auth.permission",
        "pk": 60
    },
    {
        "fields": {
            "codename": "add_item",
            "content_type": 21,
            "name": "Can add item"
        },
        "model": "auth.permission",
        "pk": 61
    },
    {
        "fields": {
            "codename": "change_item",
            "content_type": 21,
            "name": "Can change item"
        },
        "model": "auth.permission",
        "pk": 62
    },
    {
        "fields": {
            "codename": "delete_item",
            "content_type": 21,
            "name": "Can delete item"
        },
        "model": "auth.permission",
        "pk": 63
    },
    {
        "fields": {
            "name": "api user",
            "permissions": [
                61,
                62,
                63,
                58,
                59,
                60,
                47,
                43,
                44,
                45,
                55,
                56,
                57,
                52,
                53,
                54,
                49,
                50,
                51
            ]
        },
        "model": "auth.group",
        "pk": 1
    },
    {
        "fields": {
            "date_joined": "2016-06-28T21:15:14.790Z",
            "email": "vied12@gmail.com",
            "first_name": "",
            "groups": [
                1
            ],
            "is_active": true,
            "is_staff": true,
            "is_superuser": true,
            "last_login": "2016-07-06T09:11:54.371Z",
            "last_name": "",
            "password": "pbkdf2_sha256$24000$Sy3MtMPtsC1l$t/x03imd4SBxtArqaRNPzgT102hKTUfQZsPu3WI/bGU=",
            "user_permissions": [],
            "username": "vied12"
        },
        "model": "auth.user",
        "pk": 1
    },
    {
        "fields": {
            "date_joined": "2016-06-28T21:15:18.763Z",
            "email": "benjamin.etco@gmail.com",
            "first_name": "",
            "groups": [
                1
            ],
            "is_active": true,
            "is_staff": true,
            "is_superuser": true,
            "last_login": null,
            "last_name": "",
            "password": "pbkdf2_sha256$24000$Fh1fOd55D8A5$NVnPHGM759cfdWzs2MoGQ0VzI6q9mARPiktNy0Bi3XE=",
            "user_permissions": [],
            "username": "discover"
        },
        "model": "auth.user",
        "pk": 2
    },
    {
        "fields": {
            "active": true,
            "added": "2016-06-28T21:15:14.833Z",
            "updated": "2016-06-28T21:15:14.833Z",
            "user": 1
        },
        "model": "l8pr.loop",
        "pk": 1
    },
    {
        "fields": {
            "active": true,
            "added": "2016-06-28T21:15:18.807Z",
            "updated": "2016-06-28T21:15:18.807Z",
            "user": 2
        },
        "model": "l8pr.loop",
        "pk": 2
    },
    {
        "fields": {
            "loop": 1,
            "order": 1,
            "show": 2
        },
        "model": "l8pr.showsrelationship",
        "pk": 2
    },
    {
        "fields": {
            "loop": 1,
            "order": 2,
            "show": 3
        },
        "model": "l8pr.showsrelationship",
        "pk": 3
    },
    {
        "fields": {
            "loop": 1,
            "order": 9,
            "show": 10
        },
        "model": "l8pr.showsrelationship",
        "pk": 10
    },
    {
        "fields": {
            "loop": 1,
            "order": 10,
            "show": 11
        },
        "model": "l8pr.showsrelationship",
        "pk": 11
    },
    {
        "fields": {
            "loop": 2,
            "order": 1,
            "show": 19
        },
        "model": "l8pr.showsrelationship",
        "pk": 19
    },
    {
        "fields": {
            "loop": 2,
            "order": 3,
            "show": 21
        },
        "model": "l8pr.showsrelationship",
        "pk": 21
    },
    {
        "fields": {
            "loop": 2,
            "order": 7,
            "show": 25
        },
        "model": "l8pr.showsrelationship",
        "pk": 25
    },
    {
        "fields": {
            "loop": 2,
            "order": 10,
            "show": 28
        },
        "model": "l8pr.showsrelationship",
        "pk": 28
    },
    {
        "fields": {
            "dj_layout": false,
            "force_giphy": false,
            "giphy": false,
            "giphy_tags": null,
            "hide_strip": false,
            "show": 2,
            "shuffle": false
        },
        "model": "l8pr.showsettings",
        "pk": 2
    },
    {
        "fields": {
            "dj_layout": false,
            "force_giphy": false,
            "giphy": false,
            "giphy_tags": null,
            "hide_strip": false,
            "show": 3,
            "shuffle": false
        },
        "model": "l8pr.showsettings",
        "pk": 3
    },
    {
        "fields": {
            "dj_layout": false,
            "force_giphy": false,
            "giphy": false,
            "giphy_tags": null,
            "hide_strip": false,
            "show": 10,
            "shuffle": true
        },
        "model": "l8pr.showsettings",
        "pk": 10
    },
    {
        "fields": {
            "dj_layout": true,
            "force_giphy": false,
            "giphy": false,
            "giphy_tags": "psychedelic,punch,rave,electro",
            "hide_strip": false,
            "show": 11,
            "shuffle": true
        },
        "model": "l8pr.showsettings",
        "pk": 11
    },
    {
        "fields": {
            "dj_layout": false,
            "force_giphy": false,
            "giphy": false,
            "giphy_tags": null,
            "hide_strip": false,
            "show": 19,
            "shuffle": false
        },
        "model": "l8pr.showsettings",
        "pk": 19
    },
    {
        "fields": {
            "dj_layout": true,
            "force_giphy": false,
            "giphy": false,
            "giphy_tags": null,
            "hide_strip": true,
            "show": 21,
            "shuffle": true
        },
        "model": "l8pr.showsettings",
        "pk": 21
    },
    {
        "fields": {
            "dj_layout": false,
            "force_giphy": false,
            "giphy": false,
            "giphy_tags": "dance,sunglasses,abstract",
            "hide_strip": false,
            "show": 25,
            "shuffle": false
        },
        "model": "l8pr.showsettings",
        "pk": 25
    },
    {
        "fields": {
            "dj_layout": true,
            "force_giphy": false,
            "giphy": false,
            "giphy_tags": "serge-gainsbourg,jane-birkin",
            "hide_strip": false,
            "show": 28,
            "shuffle": true
        },
        "model": "l8pr.showsettings",
        "pk": 28
    },
    {
        "fields": {
            "added": "2016-06-28T21:15:15.104Z",
            "description": null,
            "title": "Trailers",
            "updated": "2016-06-28T21:15:15.104Z",
            "user": 1
        },
        "model": "l8pr.show",
        "pk": 2
    },
    {
        "fields": {
            "added": "2016-06-28T21:15:15.163Z",
            "description": null,
            "title": "Live Music",
            "updated": "2016-06-28T21:15:15.163Z",
            "user": 1
        },
        "model": "l8pr.show",
        "pk": 3
    },
    {
        "fields": {
            "added": "2016-06-28T21:15:16.430Z",
            "description": null,
            "title": "Entertainment",
            "updated": "2016-06-28T21:15:16.431Z",
            "user": 1
        },
        "model": "l8pr.show",
        "pk": 10
    },
    {
        "fields": {
            "added": "2016-06-28T21:15:16.642Z",
            "description": null,
            "title": "SLWX",
            "updated": "2016-06-28T21:15:16.642Z",
            "user": 1
        },
        "model": "l8pr.show",
        "pk": 11
    },
    {
        "fields": {
            "added": "2016-06-28T21:15:19.591Z",
            "description": null,
            "title": "Docu",
            "updated": "2016-06-28T21:15:19.592Z",
            "user": 2
        },
        "model": "l8pr.show",
        "pk": 19
    },
    {
        "fields": {
            "added": "2016-06-28T21:15:27.301Z",
            "description": null,
            "title": "Beau",
            "updated": "2016-06-28T21:15:27.301Z",
            "user": 2
        },
        "model": "l8pr.show",
        "pk": 21
    },
    {
        "fields": {
            "added": "2016-06-28T21:15:30.430Z",
            "description": null,
            "title": "TV",
            "updated": "2016-06-28T21:15:30.431Z",
            "user": 2
        },
        "model": "l8pr.show",
        "pk": 25
    },
    {
        "fields": {
            "added": "2016-06-28T21:15:33.938Z",
            "description": null,
            "title": "GainsB.",
            "updated": "2016-06-28T21:15:33.938Z",
            "user": 2
        },
        "model": "l8pr.show",
        "pk": 28
    },
    {
        "fields": {
            "item": 7,
            "order": 0,
            "show": 2
        },
        "model": "l8pr.itemsrelationship",
        "pk": 7
    },
    {
        "fields": {
            "item": 8,
            "order": 0,
            "show": 3
        },
        "model": "l8pr.itemsrelationship",
        "pk": 8
    },
    {
        "fields": {
            "item": 9,
            "order": 1,
            "show": 3
        },
        "model": "l8pr.itemsrelationship",
        "pk": 9
    },
    {
        "fields": {
            "item": 10,
            "order": 2,
            "show": 3
        },
        "model": "l8pr.itemsrelationship",
        "pk": 10
    },
    {
        "fields": {
            "item": 11,
            "order": 3,
            "show": 3
        },
        "model": "l8pr.itemsrelationship",
        "pk": 11
    },
    {
        "fields": {
            "item": 12,
            "order": 4,
            "show": 3
        },
        "model": "l8pr.itemsrelationship",
        "pk": 12
    },
    {
        "fields": {
            "item": 32,
            "order": 0,
            "show": 10
        },
        "model": "l8pr.itemsrelationship",
        "pk": 32
    },
    {
        "fields": {
            "item": 33,
            "order": 1,
            "show": 10
        },
        "model": "l8pr.itemsrelationship",
        "pk": 33
    },
    {
        "fields": {
            "item": 34,
            "order": 2,
            "show": 10
        },
        "model": "l8pr.itemsrelationship",
        "pk": 34
    },
    {
        "fields": {
            "item": 35,
            "order": 3,
            "show": 10
        },
        "model": "l8pr.itemsrelationship",
        "pk": 35
    },
    {
        "fields": {
            "item": 36,
            "order": 4,
            "show": 10
        },
        "model": "l8pr.itemsrelationship",
        "pk": 36
    },
    {
        "fields": {
            "item": 37,
            "order": 5,
            "show": 10
        },
        "model": "l8pr.itemsrelationship",
        "pk": 37
    },
    {
        "fields": {
            "item": 38,
            "order": 0,
            "show": 11
        },
        "model": "l8pr.itemsrelationship",
        "pk": 38
    },
    {
        "fields": {
            "item": 39,
            "order": 1,
            "show": 11
        },
        "model": "l8pr.itemsrelationship",
        "pk": 39
    },
    {
        "fields": {
            "item": 40,
            "order": 2,
            "show": 11
        },
        "model": "l8pr.itemsrelationship",
        "pk": 40
    },
    {
        "fields": {
            "item": 41,
            "order": 3,
            "show": 11
        },
        "model": "l8pr.itemsrelationship",
        "pk": 41
    },
    {
        "fields": {
            "item": 42,
            "order": 4,
            "show": 11
        },
        "model": "l8pr.itemsrelationship",
        "pk": 42
    },
    {
        "fields": {
            "item": 43,
            "order": 5,
            "show": 11
        },
        "model": "l8pr.itemsrelationship",
        "pk": 43
    },
    {
        "fields": {
            "item": 44,
            "order": 6,
            "show": 11
        },
        "model": "l8pr.itemsrelationship",
        "pk": 44
    },
    {
        "fields": {
            "item": 45,
            "order": 7,
            "show": 11
        },
        "model": "l8pr.itemsrelationship",
        "pk": 45
    },
    {
        "fields": {
            "item": 46,
            "order": 8,
            "show": 11
        },
        "model": "l8pr.itemsrelationship",
        "pk": 46
    },
    {
        "fields": {
            "item": 91,
            "order": 0,
            "show": 19
        },
        "model": "l8pr.itemsrelationship",
        "pk": 91
    },
    {
        "fields": {
            "item": 92,
            "order": 1,
            "show": 19
        },
        "model": "l8pr.itemsrelationship",
        "pk": 92
    },
    {
        "fields": {
            "item": 93,
            "order": 2,
            "show": 19
        },
        "model": "l8pr.itemsrelationship",
        "pk": 93
    },
    {
        "fields": {
            "item": 94,
            "order": 3,
            "show": 19
        },
        "model": "l8pr.itemsrelationship",
        "pk": 94
    },
    {
        "fields": {
            "item": 95,
            "order": 4,
            "show": 19
        },
        "model": "l8pr.itemsrelationship",
        "pk": 95
    },
    {
        "fields": {
            "item": 96,
            "order": 5,
            "show": 19
        },
        "model": "l8pr.itemsrelationship",
        "pk": 96
    },
    {
        "fields": {
            "item": 97,
            "order": 6,
            "show": 19
        },
        "model": "l8pr.itemsrelationship",
        "pk": 97
    },
    {
        "fields": {
            "item": 98,
            "order": 7,
            "show": 19
        },
        "model": "l8pr.itemsrelationship",
        "pk": 98
    },
    {
        "fields": {
            "item": 99,
            "order": 8,
            "show": 19
        },
        "model": "l8pr.itemsrelationship",
        "pk": 99
    },
    {
        "fields": {
            "item": 100,
            "order": 9,
            "show": 19
        },
        "model": "l8pr.itemsrelationship",
        "pk": 100
    },
    {
        "fields": {
            "item": 101,
            "order": 10,
            "show": 19
        },
        "model": "l8pr.itemsrelationship",
        "pk": 101
    },
    {
        "fields": {
            "item": 102,
            "order": 11,
            "show": 19
        },
        "model": "l8pr.itemsrelationship",
        "pk": 102
    },
    {
        "fields": {
            "item": 103,
            "order": 12,
            "show": 19
        },
        "model": "l8pr.itemsrelationship",
        "pk": 103
    },
    {
        "fields": {
            "item": 104,
            "order": 13,
            "show": 19
        },
        "model": "l8pr.itemsrelationship",
        "pk": 104
    },
    {
        "fields": {
            "item": 105,
            "order": 14,
            "show": 19
        },
        "model": "l8pr.itemsrelationship",
        "pk": 105
    },
    {
        "fields": {
            "item": 106,
            "order": 15,
            "show": 19
        },
        "model": "l8pr.itemsrelationship",
        "pk": 106
    },
    {
        "fields": {
            "item": 107,
            "order": 16,
            "show": 19
        },
        "model": "l8pr.itemsrelationship",
        "pk": 107
    },
    {
        "fields": {
            "item": 108,
            "order": 17,
            "show": 19
        },
        "model": "l8pr.itemsrelationship",
        "pk": 108
    },
    {
        "fields": {
            "item": 109,
            "order": 18,
            "show": 19
        },
        "model": "l8pr.itemsrelationship",
        "pk": 109
    },
    {
        "fields": {
            "item": 110,
            "order": 19,
            "show": 19
        },
        "model": "l8pr.itemsrelationship",
        "pk": 110
    },
    {
        "fields": {
            "item": 111,
            "order": 20,
            "show": 19
        },
        "model": "l8pr.itemsrelationship",
        "pk": 111
    },
    {
        "fields": {
            "item": 112,
            "order": 21,
            "show": 19
        },
        "model": "l8pr.itemsrelationship",
        "pk": 112
    },
    {
        "fields": {
            "item": 113,
            "order": 22,
            "show": 19
        },
        "model": "l8pr.itemsrelationship",
        "pk": 113
    },
    {
        "fields": {
            "item": 114,
            "order": 23,
            "show": 19
        },
        "model": "l8pr.itemsrelationship",
        "pk": 114
    },
    {
        "fields": {
            "item": 115,
            "order": 24,
            "show": 19
        },
        "model": "l8pr.itemsrelationship",
        "pk": 115
    },
    {
        "fields": {
            "item": 116,
            "order": 25,
            "show": 19
        },
        "model": "l8pr.itemsrelationship",
        "pk": 116
    },
    {
        "fields": {
            "item": 117,
            "order": 26,
            "show": 19
        },
        "model": "l8pr.itemsrelationship",
        "pk": 117
    },
    {
        "fields": {
            "item": 118,
            "order": 27,
            "show": 19
        },
        "model": "l8pr.itemsrelationship",
        "pk": 118
    },
    {
        "fields": {
            "item": 119,
            "order": 28,
            "show": 19
        },
        "model": "l8pr.itemsrelationship",
        "pk": 119
    },
    {
        "fields": {
            "item": 120,
            "order": 29,
            "show": 19
        },
        "model": "l8pr.itemsrelationship",
        "pk": 120
    },
    {
        "fields": {
            "item": 121,
            "order": 30,
            "show": 19
        },
        "model": "l8pr.itemsrelationship",
        "pk": 121
    },
    {
        "fields": {
            "item": 122,
            "order": 31,
            "show": 19
        },
        "model": "l8pr.itemsrelationship",
        "pk": 122
    },
    {
        "fields": {
            "item": 252,
            "order": 0,
            "show": 21
        },
        "model": "l8pr.itemsrelationship",
        "pk": 252
    },
    {
        "fields": {
            "item": 253,
            "order": 1,
            "show": 21
        },
        "model": "l8pr.itemsrelationship",
        "pk": 253
    },
    {
        "fields": {
            "item": 254,
            "order": 2,
            "show": 21
        },
        "model": "l8pr.itemsrelationship",
        "pk": 254
    },
    {
        "fields": {
            "item": 255,
            "order": 3,
            "show": 21
        },
        "model": "l8pr.itemsrelationship",
        "pk": 255
    },
    {
        "fields": {
            "item": 256,
            "order": 4,
            "show": 21
        },
        "model": "l8pr.itemsrelationship",
        "pk": 256
    },
    {
        "fields": {
            "item": 257,
            "order": 5,
            "show": 21
        },
        "model": "l8pr.itemsrelationship",
        "pk": 257
    },
    {
        "fields": {
            "item": 258,
            "order": 6,
            "show": 21
        },
        "model": "l8pr.itemsrelationship",
        "pk": 258
    },
    {
        "fields": {
            "item": 259,
            "order": 7,
            "show": 21
        },
        "model": "l8pr.itemsrelationship",
        "pk": 259
    },
    {
        "fields": {
            "item": 260,
            "order": 8,
            "show": 21
        },
        "model": "l8pr.itemsrelationship",
        "pk": 260
    },
    {
        "fields": {
            "item": 261,
            "order": 9,
            "show": 21
        },
        "model": "l8pr.itemsrelationship",
        "pk": 261
    },
    {
        "fields": {
            "item": 262,
            "order": 10,
            "show": 21
        },
        "model": "l8pr.itemsrelationship",
        "pk": 262
    },
    {
        "fields": {
            "item": 263,
            "order": 11,
            "show": 21
        },
        "model": "l8pr.itemsrelationship",
        "pk": 263
    },
    {
        "fields": {
            "item": 264,
            "order": 12,
            "show": 21
        },
        "model": "l8pr.itemsrelationship",
        "pk": 264
    },
    {
        "fields": {
            "item": 265,
            "order": 13,
            "show": 21
        },
        "model": "l8pr.itemsrelationship",
        "pk": 265
    },
    {
        "fields": {
            "item": 266,
            "order": 14,
            "show": 21
        },
        "model": "l8pr.itemsrelationship",
        "pk": 266
    },
    {
        "fields": {
            "item": 267,
            "order": 15,
            "show": 21
        },
        "model": "l8pr.itemsrelationship",
        "pk": 267
    },
    {
        "fields": {
            "item": 268,
            "order": 16,
            "show": 21
        },
        "model": "l8pr.itemsrelationship",
        "pk": 268
    },
    {
        "fields": {
            "item": 269,
            "order": 17,
            "show": 21
        },
        "model": "l8pr.itemsrelationship",
        "pk": 269
    },
    {
        "fields": {
            "item": 270,
            "order": 18,
            "show": 21
        },
        "model": "l8pr.itemsrelationship",
        "pk": 270
    },
    {
        "fields": {
            "item": 271,
            "order": 19,
            "show": 21
        },
        "model": "l8pr.itemsrelationship",
        "pk": 271
    },
    {
        "fields": {
            "item": 272,
            "order": 20,
            "show": 21
        },
        "model": "l8pr.itemsrelationship",
        "pk": 272
    },
    {
        "fields": {
            "item": 319,
            "order": 0,
            "show": 25
        },
        "model": "l8pr.itemsrelationship",
        "pk": 319
    },
    {
        "fields": {
            "item": 402,
            "order": 0,
            "show": 28
        },
        "model": "l8pr.itemsrelationship",
        "pk": 402
    },
    {
        "fields": {
            "item": 403,
            "order": 1,
            "show": 28
        },
        "model": "l8pr.itemsrelationship",
        "pk": 403
    },
    {
        "fields": {
            "item": 404,
            "order": 2,
            "show": 28
        },
        "model": "l8pr.itemsrelationship",
        "pk": 404
    },
    {
        "fields": {
            "item": 405,
            "order": 3,
            "show": 28
        },
        "model": "l8pr.itemsrelationship",
        "pk": 405
    },
    {
        "fields": {
            "item": 406,
            "order": 4,
            "show": 28
        },
        "model": "l8pr.itemsrelationship",
        "pk": 406
    },
    {
        "fields": {
            "item": 407,
            "order": 5,
            "show": 28
        },
        "model": "l8pr.itemsrelationship",
        "pk": 407
    },
    {
        "fields": {
            "item": 408,
            "order": 6,
            "show": 28
        },
        "model": "l8pr.itemsrelationship",
        "pk": 408
    },
    {
        "fields": {
            "item": 409,
            "order": 7,
            "show": 28
        },
        "model": "l8pr.itemsrelationship",
        "pk": 409
    },
    {
        "fields": {
            "item": 410,
            "order": 8,
            "show": 28
        },
        "model": "l8pr.itemsrelationship",
        "pk": 410
    },
    {
        "fields": {
            "item": 411,
            "order": 9,
            "show": 28
        },
        "model": "l8pr.itemsrelationship",
        "pk": 411
    },
    {
        "fields": {
            "item": 412,
            "order": 10,
            "show": 28
        },
        "model": "l8pr.itemsrelationship",
        "pk": 412
    },
    {
        "fields": {
            "item": 413,
            "order": 11,
            "show": 28
        },
        "model": "l8pr.itemsrelationship",
        "pk": 413
    },
    {
        "fields": {
            "item": 414,
            "order": 12,
            "show": 28
        },
        "model": "l8pr.itemsrelationship",
        "pk": 414
    },
    {
        "fields": {
            "item": 415,
            "order": 13,
            "show": 28
        },
        "model": "l8pr.itemsrelationship",
        "pk": 415
    },
    {
        "fields": {
            "item": 416,
            "order": 14,
            "show": 28
        },
        "model": "l8pr.itemsrelationship",
        "pk": 416
    },
    {
        "fields": {
            "item": 417,
            "order": 15,
            "show": 28
        },
        "model": "l8pr.itemsrelationship",
        "pk": 417
    },
    {
        "fields": {
            "item": 418,
            "order": 16,
            "show": 28
        },
        "model": "l8pr.itemsrelationship",
        "pk": 418
    },
    {
        "fields": {
            "item": 419,
            "order": 17,
            "show": 28
        },
        "model": "l8pr.itemsrelationship",
        "pk": 419
    },
    {
        "fields": {
            "added": "2016-06-28T21:15:15.131Z",
            "author_name": "FilmAt11tv",
            "description": null,
            "duration": 174,
            "html": "\n<div class=\"noembed-embed \">\n  <div class=\"noembed-wrapper\">\n    \n<div class=\"noembed-embed-inner noembed-youtube\">\n  \n<iframe width=\" 480\" height=\"270\" src=\"https://www.youtube.com/embed/TKGFWAT2WME?feature=oembed\" frameborder=\"0\" allowfullscreen></iframe>\n\n</div>\n\n    <table class=\"noembed-meta-info\">\n      <tr>\n        <td class=\"favicon\"><img src=\"https://noembed.com/favicon/YouTube.png\"></td>\n        <td>YouTube</td>\n        <td align=\"right\">\n          <a title=\"https://www.youtube.com/watch?v=TKGFWAT2WME\" href=\"https://www.youtube.com/watch?v=TKGFWAT2WME\">https://www.youtube.com/watch?v=TKGFWAT2WME</a>\n        </td>\n      </tr>\n    </table>\n  </div>\n</div>\n",
            "provider_name": "YouTube",
            "thumbnail": "https://i.ytimg.com/vi/TKGFWAT2WME/hqdefault.jpg",
            "title": "THE UNCONDEMNED HD",
            "updated": "2016-06-28T21:15:15.131Z",
            "url": "https://www.youtube.com/watch?v=TKGFWAT2WME"
        },
        "model": "l8pr.item",
        "pk": 7
    },
    {
        "fields": {
            "added": "2016-06-28T21:15:15.192Z",
            "author_name": "MetalSucks",
            "description": null,
            "duration": 124,
            "html": "\n<div class=\"noembed-embed \">\n  <div class=\"noembed-wrapper\">\n    \n<div class=\"noembed-embed-inner noembed-youtube\">\n  \n<iframe width=\" 480\" height=\"270\" src=\"https://www.youtube.com/embed/wp_JrDkNrAY?feature=oembed\" frameborder=\"0\" allowfullscreen=\"allowfullscreen\"></iframe>\n\n</div>\n\n    <table class=\"noembed-meta-info\">\n      <tr>\n        <td>YouTube</td>\n        <td align=\"right\">\n          <a title=\"https://www.youtube.com/watch?v=wp_JrDkNrAY\" href=\"https://www.youtube.com/watch?v=wp_JrDkNrAY\">https://www.youtube.com/watch?v=wp_JrDkNrAY</a>\n        </td>\n      </tr>\n    </table>\n  </div>\n</div>\n",
            "provider_name": "YouTube",
            "thumbnail": "https://i.ytimg.com/vi/wp_JrDkNrAY/hqdefault.jpg",
            "title": "Black Metal Chopin \"Prelude in E-Minor\" | MetalSucks",
            "updated": "2016-06-28T21:15:15.192Z",
            "url": "https://www.youtube.com/watch?v=wp_JrDkNrAY"
        },
        "model": "l8pr.item",
        "pk": 8
    },
    {
        "fields": {
            "added": "2016-06-28T21:15:15.215Z",
            "author_name": "Sound Flaw",
            "description": null,
            "duration": 282,
            "html": "\n<div class=\"noembed-embed \">\n  <div class=\"noembed-wrapper\">\n    \n<div class=\"noembed-embed-inner noembed-youtube\">\n  \n<iframe width=\" 480\" height=\"270\" src=\"https://www.youtube.com/embed/oS0geQsfcHk?feature=oembed\" frameborder=\"0\" allowfullscreen></iframe>\n\n</div>\n\n    <table class=\"noembed-meta-info\">\n      <tr>\n        <td class=\"favicon\"><img src=\"https://noembed.com/favicon/YouTube.png\"></td>\n        <td>YouTube</td>\n        <td align=\"right\">\n          <a title=\"https://www.youtube.com/watch?v=oS0geQsfcHk\" href=\"https://www.youtube.com/watch?v=oS0geQsfcHk\">https://www.youtube.com/watch?v=oS0geQsfcHk</a>\n        </td>\n      </tr>\n    </table>\n  </div>\n</div>\n",
            "provider_name": "YouTube",
            "thumbnail": "https://i.ytimg.com/vi/oS0geQsfcHk/hqdefault.jpg",
            "title": "Kendrick Lamar Performs On Late Show with Stephen Colbert",
            "updated": "2016-06-28T21:15:15.215Z",
            "url": "https://www.youtube.com/watch?v=oS0geQsfcHk"
        },
        "model": "l8pr.item",
        "pk": 9
    },
    {
        "fields": {
            "added": "2016-06-28T21:15:15.242Z",
            "author_name": "Claude Klauss",
            "description": null,
            "duration": 233,
            "html": "\n<div class=\"noembed-embed \">\n  <div class=\"noembed-wrapper\">\n    \n<div class=\"noembed-embed-inner noembed-youtube\">\n  \n<iframe width=\" 480\" height=\"270\" src=\"https://www.youtube.com/embed/gMZtDvyxXE4?feature=oembed\" frameborder=\"0\" allowfullscreen></iframe>\n\n</div>\n\n    <table class=\"noembed-meta-info\">\n      <tr>\n        <td class=\"favicon\"><img src=\"https://noembed.com/favicon/YouTube.png\"></td>\n        <td>YouTube</td>\n        <td align=\"right\">\n          <a title=\"https://www.youtube.com/watch?v=gMZtDvyxXE4\" href=\"https://www.youtube.com/watch?v=gMZtDvyxXE4\">https://www.youtube.com/watch?v=gMZtDvyxXE4</a>\n        </td>\n      </tr>\n    </table>\n  </div>\n</div>\n",
            "provider_name": "YouTube",
            "thumbnail": "https://i.ytimg.com/vi/gMZtDvyxXE4/hqdefault.jpg",
            "title": "Tom Browne - Funkin' for Jamaica",
            "updated": "2016-06-28T21:15:15.242Z",
            "url": "https://www.youtube.com/watch?v=gMZtDvyxXE4"
        },
        "model": "l8pr.item",
        "pk": 10
    },
    {
        "fields": {
            "added": "2016-06-28T21:15:15.266Z",
            "author_name": "looping800",
            "description": null,
            "duration": 5076,
            "html": null,
            "provider_name": "YouTube",
            "thumbnail": "https://i.ytimg.com/vi/vVDgZaOpYfA/hqdefault.jpg",
            "title": "Dire Straits TV-HD - Rockpalast - 1979",
            "updated": "2016-06-28T21:15:15.266Z",
            "url": "https://www.youtube.com/watch?v=vVDgZaOpYfA"
        },
        "model": "l8pr.item",
        "pk": 11
    },
    {
        "fields": {
            "added": "2016-06-28T21:15:15.294Z",
            "author_name": "Steve Seagulls",
            "description": null,
            "duration": 247,
            "html": "\n<div class=\"noembed-embed \">\n  <div class=\"noembed-wrapper\">\n    \n<div class=\"noembed-embed-inner noembed-youtube\">\n  \n<iframe width=\" 480\" height=\"270\" src=\"https://www.youtube.com/embed/e4Ao-iNPPUc?feature=oembed\" frameborder=\"0\" allowfullscreen></iframe>\n\n</div>\n\n    <table class=\"noembed-meta-info\">\n      <tr>\n        <td class=\"favicon\"><img src=\"https://noembed.com/favicon/YouTube.png\"></td>\n        <td>YouTube</td>\n        <td align=\"right\">\n          <a title=\"https://www.youtube.com/watch?v=e4Ao-iNPPUc\" href=\"https://www.youtube.com/watch?v=e4Ao-iNPPUc\">https://www.youtube.com/watch?v=e4Ao-iNPPUc</a>\n        </td>\n      </tr>\n    </table>\n  </div>\n</div>\n",
            "provider_name": "YouTube",
            "thumbnail": "https://i.ytimg.com/vi/e4Ao-iNPPUc/hqdefault.jpg",
            "title": "Thunderstruck by Steve'n'Seagulls (LIVE)",
            "updated": "2016-06-28T21:15:15.294Z",
            "url": "https://www.youtube.com/watch?v=e4Ao-iNPPUc"
        },
        "model": "l8pr.item",
        "pk": 12
    },
    {
        "fields": {
            "added": "2016-06-28T21:15:16.459Z",
            "author_name": "winmic7",
            "description": null,
            "duration": 130,
            "html": "\n<div class=\"noembed-embed \">\n  <div class=\"noembed-wrapper\">\n    \n<div class=\"noembed-embed-inner noembed-youtube\">\n  \n<iframe width=\" 480\" height=\"270\" src=\"https://www.youtube.com/embed/gG62zay3kck?feature=oembed\" frameborder=\"0\" allowfullscreen></iframe>\n\n</div>\n\n    <table class=\"noembed-meta-info\">\n      <tr>\n        <td class=\"favicon\"><img src=\"https://noembed.com/favicon/YouTube.png\"></td>\n        <td>YouTube</td>\n        <td align=\"right\">\n          <a title=\"https://www.youtube.com/watch?v=gG62zay3kck\" href=\"https://www.youtube.com/watch?v=gG62zay3kck\">https://www.youtube.com/watch?v=gG62zay3kck</a>\n        </td>\n      </tr>\n    </table>\n  </div>\n</div>\n",
            "provider_name": "YouTube",
            "thumbnail": "https://i.ytimg.com/vi/gG62zay3kck/hqdefault.jpg",
            "title": "Rhabarberbarbara",
            "updated": "2016-06-28T21:15:16.459Z",
            "url": "https://www.youtube.com/watch?v=gG62zay3kck"
        },
        "model": "l8pr.item",
        "pk": 32
    },
    {
        "fields": {
            "added": "2016-06-28T21:15:16.489Z",
            "author_name": "Lin Ruben",
            "description": null,
            "duration": 510,
            "html": "\n<div class=\"noembed-embed \">\n  <div class=\"noembed-wrapper\">\n    \n<div class=\"noembed-embed-inner noembed-youtube\">\n  \n<iframe width=\" 459\" height=\"344\" src=\"https://www.youtube.com/embed/LllUpJoFCSc?feature=oembed\" frameborder=\"0\" allowfullscreen></iframe>\n\n</div>\n\n    <table class=\"noembed-meta-info\">\n      <tr>\n        <td class=\"favicon\"><img src=\"https://noembed.com/favicon/YouTube.png\"></td>\n        <td>YouTube</td>\n        <td align=\"right\">\n          <a title=\"https://www.youtube.com/watch?v=LllUpJoFCSc\" href=\"https://www.youtube.com/watch?v=LllUpJoFCSc\">https://www.youtube.com/watch?v=LllUpJoFCSc</a>\n        </td>\n      </tr>\n    </table>\n  </div>\n</div>\n",
            "provider_name": "YouTube",
            "thumbnail": "https://i.ytimg.com/vi/LllUpJoFCSc/hqdefault.jpg",
            "title": "\u4fdd\u9f61\u7403 \u8ab0\u80fd\u8207\u4ed6\u6bd4.... \u7403\u795e ? When you get too bored at bowling. Impressive trick shots \u7576\u4f60\u611f\u5230\u592a\u53ad\u7169\u6253\u4fdd\u9f61\u7403\u3002\u4ee4\u4eba\u5370\u8c61\u6df1\u523b\u7684\u4f0e\u80fd\u62cd\u651d",
            "updated": "2016-06-28T21:15:16.489Z",
            "url": "https://www.youtube.com/watch?v=LllUpJoFCSc"
        },
        "model": "l8pr.item",
        "pk": 33
    },
    {
        "fields": {
            "added": "2016-06-28T21:15:16.516Z",
            "author_name": "pigwiththefaceofaboy",
            "description": null,
            "duration": 408,
            "html": "\n<div class=\"noembed-embed \">\n  <div class=\"noembed-wrapper\">\n    \n<div class=\"noembed-embed-inner noembed-youtube\">\n  \n<iframe width=\" 480\" height=\"270\" src=\"https://www.youtube.com/embed/hWTFG3J1CP8?feature=oembed\" frameborder=\"0\" allowfullscreen></iframe>\n\n</div>\n\n    <table class=\"noembed-meta-info\">\n      <tr>\n        <td class=\"favicon\"><img src=\"https://noembed.com/favicon/YouTube.png\"></td>\n        <td>YouTube</td>\n        <td align=\"right\">\n          <a title=\"https://www.youtube.com/watch?v=hWTFG3J1CP8\" href=\"https://www.youtube.com/watch?v=hWTFG3J1CP8\">https://www.youtube.com/watch?v=hWTFG3J1CP8</a>\n        </td>\n      </tr>\n    </table>\n  </div>\n</div>\n",
            "provider_name": "YouTube",
            "thumbnail": "https://i.ytimg.com/vi/hWTFG3J1CP8/hqdefault.jpg",
            "title": "Complete History Of The Soviet Union, Arranged To The Melody Of Tetris",
            "updated": "2016-06-28T21:15:16.517Z",
            "url": "https://www.youtube.com/watch?v=hWTFG3J1CP8"
        },
        "model": "l8pr.item",
        "pk": 34
    },
    {
        "fields": {
            "added": "2016-06-28T21:15:16.543Z",
            "author_name": "\u041f\u0430\u0448\u0430 \u0411\u0443\u043c\u0447\u0438\u043a",
            "description": null,
            "duration": 272,
            "html": "\n<div class=\"noembed-embed \">\n  <div class=\"noembed-wrapper\">\n    \n<div class=\"noembed-embed-inner noembed-youtube\">\n  \n<iframe width=\" 480\" height=\"270\" src=\"https://www.youtube.com/embed/w3c67AYl0rM?feature=oembed\" frameborder=\"0\" allowfullscreen></iframe>\n\n</div>\n\n    <table class=\"noembed-meta-info\">\n      <tr>\n        <td class=\"favicon\"><img src=\"https://noembed.com/favicon/YouTube.png\"></td>\n        <td>YouTube</td>\n        <td align=\"right\">\n          <a title=\"https://www.youtube.com/watch?v=w3c67AYl0rM\" href=\"https://www.youtube.com/watch?v=w3c67AYl0rM\">https://www.youtube.com/watch?v=w3c67AYl0rM</a>\n        </td>\n      </tr>\n    </table>\n  </div>\n</div>\n",
            "provider_name": "YouTube",
            "thumbnail": "https://i.ytimg.com/vi/w3c67AYl0rM/hqdefault.jpg",
            "title": "A ride on the roof of the metro train | \u041f\u043e\u0435\u0437\u0434\u043a\u0430 \u043d\u0430 \u043a\u0440\u044b\u0448\u0435 \u043c\u0435\u0442\u0440\u043e",
            "updated": "2016-06-28T21:15:16.544Z",
            "url": "https://www.youtube.com/watch?v=w3c67AYl0rM"
        },
        "model": "l8pr.item",
        "pk": 35
    },
    {
        "fields": {
            "added": "2016-06-28T21:15:16.570Z",
            "author_name": "CHESTBRAS",
            "description": null,
            "duration": 59,
            "html": null,
            "provider_name": "YouTube",
            "thumbnail": "https://i.ytimg.com/vi/InMJopurNTE/hqdefault.jpg",
            "title": "CHEST-BRAS",
            "updated": "2016-06-28T21:15:16.570Z",
            "url": "https://www.youtube.com/watch?v=InMJopurNTE"
        },
        "model": "l8pr.item",
        "pk": 36
    },
    {
        "fields": {
            "added": "2016-06-28T21:15:16.596Z",
            "author_name": "Animal Planet",
            "description": null,
            "duration": 153,
            "html": null,
            "provider_name": "YouTube",
            "thumbnail": "https://i.ytimg.com/vi/mVusrd1jXqc/hqdefault.jpg",
            "title": "High-Tech Camel Races | Wild Arabia",
            "updated": "2016-06-28T21:15:16.596Z",
            "url": "https://www.youtube.com/watch?v=mVusrd1jXqc"
        },
        "model": "l8pr.item",
        "pk": 37
    },
    {
        "fields": {
            "added": "2016-06-28T21:15:16.667Z",
            "author_name": "Soulwax Rarities",
            "description": null,
            "duration": 371,
            "html": "\n<div class=\"noembed-embed \">\n  <div class=\"noembed-wrapper\">\n    \n<div class=\"noembed-embed-inner noembed-soundcloud\">\n  <iframe width=\"100%\" height=\"400\" scrolling=\"no\" frameborder=\"no\" src=\"https://w.soundcloud.com/player/?visual=true&url=http%3A%2F%2Fapi.soundcloud.com%2Ftracks%2F87967780&show_artwork=true&in=benetco%2Fsets%2Fslwx\"></iframe>\n</div>\n\n    <table class=\"noembed-meta-info\">\n      <tr>\n        <td class=\"favicon\"><img src=\"https://noembed.com/favicon/SoundCloud.png\"></td>\n        <td>SoundCloud</td>\n        <td align=\"right\">\n          <a title=\"https://soundcloud.com/soulwax-rarities/pulp-after-you-soulwax-remix-hq?in=benetco/sets/slwx\" href=\"https://soundcloud.com/soulwax-rarities/pulp-after-you-soulwax-remix-hq?in=benetco/sets/slwx\">https://soundcloud.com/soulwax-rarities/pulp-after</a>\n        </td>\n      </tr>\n    </table>\n  </div>\n</div>\n",
            "provider_name": "SoundCloud",
            "thumbnail": "http://i1.sndcdn.com/artworks-000045559533-txyvdr-t500x500.jpg",
            "title": "Pulp - After You (Soulwax Remix) HQ by Soulwax Rarities",
            "updated": "2016-06-28T21:15:16.667Z",
            "url": "https://soundcloud.com/soulwax-rarities/pulp-after-you-soulwax-remix-hq?in=benetco/sets/slwx"
        },
        "model": "l8pr.item",
        "pk": 38
    },
    {
        "fields": {
            "added": "2016-06-28T21:15:16.692Z",
            "author_name": "GOOSE",
            "description": null,
            "duration": 222,
            "html": "\n<div class=\"noembed-embed \">\n  <div class=\"noembed-wrapper\">\n    \n<div class=\"noembed-embed-inner noembed-soundcloud\">\n  <iframe width=\"100%\" height=\"400\" scrolling=\"no\" frameborder=\"no\" src=\"https://w.soundcloud.com/player/?visual=true&url=http%3A%2F%2Fapi.soundcloud.com%2Ftracks%2F96387741&show_artwork=true&in=benetco%2Fsets%2Fslwx\"></iframe>\n</div>\n\n    <table class=\"noembed-meta-info\">\n      <tr>\n        <td class=\"favicon\"><img src=\"https://noembed.com/favicon/SoundCloud.png\"></td>\n        <td>SoundCloud</td>\n        <td align=\"right\">\n          <a title=\"https://soundcloud.com/goosemusic/synrise-soulwax-remix?in=benetco/sets/slwx\" href=\"https://soundcloud.com/goosemusic/synrise-soulwax-remix?in=benetco/sets/slwx\">https://soundcloud.com/goosemusic/synrise-soulwax-</a>\n        </td>\n      </tr>\n    </table>\n  </div>\n</div>\n",
            "provider_name": "SoundCloud",
            "thumbnail": "http://i1.sndcdn.com/artworks-000050310237-wlru8o-t500x500.jpg",
            "title": "SYNRISE - SOULWAX REMIX by GOOSE",
            "updated": "2016-06-28T21:15:16.692Z",
            "url": "https://soundcloud.com/goosemusic/synrise-soulwax-remix?in=benetco/sets/slwx"
        },
        "model": "l8pr.item",
        "pk": 39
    },
    {
        "fields": {
            "added": "2016-06-28T21:15:16.718Z",
            "author_name": "Soulwax Rarities",
            "description": null,
            "duration": 371,
            "html": "\n<div class=\"noembed-embed \">\n  <div class=\"noembed-wrapper\">\n    \n<div class=\"noembed-embed-inner noembed-soundcloud\">\n  <iframe width=\"100%\" height=\"400\" scrolling=\"no\" frameborder=\"no\" src=\"https://w.soundcloud.com/player/?visual=true&url=http%3A%2F%2Fapi.soundcloud.com%2Ftracks%2F87967780&show_artwork=true&in=benetco%2Fsets%2Fslwx\"></iframe>\n</div>\n\n    <table class=\"noembed-meta-info\">\n      <tr>\n        <td class=\"favicon\"><img src=\"https://noembed.com/favicon/SoundCloud.png\"></td>\n        <td>SoundCloud</td>\n        <td align=\"right\">\n          <a title=\"https://soundcloud.com/soulwax-rarities/pulp-after-you-soulwax-remix-hq?in=benetco/sets/slwx\" href=\"https://soundcloud.com/soulwax-rarities/pulp-after-you-soulwax-remix-hq?in=benetco/sets/slwx\">https://soundcloud.com/soulwax-rarities/pulp-after</a>\n        </td>\n      </tr>\n    </table>\n  </div>\n</div>\n",
            "provider_name": "SoundCloud",
            "thumbnail": "http://i1.sndcdn.com/artworks-000045559533-txyvdr-t500x500.jpg",
            "title": "Pulp - After You (Soulwax Remix) HQ by Soulwax Rarities",
            "updated": "2016-06-28T21:15:16.718Z",
            "url": "https://soundcloud.com/soulwax-rarities/pulp-after-you-soulwax-remix-hq?in=benetco/sets/slwx"
        },
        "model": "l8pr.item",
        "pk": 40
    },
    {
        "fields": {
            "added": "2016-06-28T21:15:16.745Z",
            "author_name": "soulwax",
            "description": null,
            "duration": 325,
            "html": "\n<div class=\"noembed-embed \">\n  <div class=\"noembed-wrapper\">\n    \n<div class=\"noembed-embed-inner noembed-soundcloud\">\n  <iframe width=\"100%\" height=\"400\" scrolling=\"no\" frameborder=\"no\" src=\"https://w.soundcloud.com/player/?visual=true&url=http%3A%2F%2Fapi.soundcloud.com%2Ftracks%2F9593668&show_artwork=true&in=benetco%2Fsets%2Fslwx\"></iframe>\n</div>\n\n    <table class=\"noembed-meta-info\">\n      <tr>\n        <td class=\"favicon\"><img src=\"https://noembed.com/favicon/SoundCloud.png\"></td>\n        <td>SoundCloud</td>\n        <td align=\"right\">\n          <a title=\"https://soundcloud.com/soulwaxofficial/krack-nite-version?in=benetco/sets/slwx\" href=\"https://soundcloud.com/soulwaxofficial/krack-nite-version?in=benetco/sets/slwx\">https://soundcloud.com/soulwaxofficial/krack-nite-</a>\n        </td>\n      </tr>\n    </table>\n  </div>\n</div>\n",
            "provider_name": "SoundCloud",
            "thumbnail": "http://i1.sndcdn.com/artworks-000004366685-x5u8lv-t500x500.jpg",
            "title": "Krack (Nite Version) by soulwax",
            "updated": "2016-06-28T21:15:16.745Z",
            "url": "https://soundcloud.com/soulwaxofficial/krack-nite-version?in=benetco/sets/slwx"
        },
        "model": "l8pr.item",
        "pk": 41
    },
    {
        "fields": {
            "added": "2016-06-28T21:15:16.775Z",
            "author_name": "Phantasy Sound",
            "description": null,
            "duration": 157,
            "html": "\n<div class=\"noembed-embed \">\n  <div class=\"noembed-wrapper\">\n    \n<div class=\"noembed-embed-inner noembed-soundcloud\">\n  <iframe width=\"100%\" height=\"400\" scrolling=\"no\" frameborder=\"no\" src=\"https://w.soundcloud.com/player/?visual=true&url=http%3A%2F%2Fapi.soundcloud.com%2Ftracks%2F4642443&show_artwork=true&in=benetco%2Fsets%2Fslwx\"></iframe>\n</div>\n\n    <table class=\"noembed-meta-info\">\n      <tr>\n        <td class=\"favicon\"><img src=\"https://noembed.com/favicon/SoundCloud.png\"></td>\n        <td>SoundCloud</td>\n        <td align=\"right\">\n          <a title=\"https://soundcloud.com/phantasysound/best-in-class-soulwax-remix?in=benetco/sets/slwx\" href=\"https://soundcloud.com/phantasysound/best-in-class-soulwax-remix?in=benetco/sets/slwx\">https://soundcloud.com/phantasysound/best-in-class</a>\n        </td>\n      </tr>\n    </table>\n  </div>\n</div>\n",
            "provider_name": "SoundCloud",
            "thumbnail": "http://i1.sndcdn.com/artworks-000002133352-hjxzm3-t500x500.jpg",
            "title": "Late Of The Pier - Best In Class (Soulwax Remix) by Phantasy Sound",
            "updated": "2016-06-28T21:15:16.775Z",
            "url": "https://soundcloud.com/phantasysound/best-in-class-soulwax-remix?in=benetco/sets/slwx"
        },
        "model": "l8pr.item",
        "pk": 42
    },
    {
        "fields": {
            "added": "2016-06-28T21:15:16.802Z",
            "author_name": "Soulwax Rarities",
            "description": null,
            "duration": 327,
            "html": "\n<div class=\"noembed-embed \">\n  <div class=\"noembed-wrapper\">\n    \n<div class=\"noembed-embed-inner noembed-soundcloud\">\n  <iframe width=\"100%\" height=\"400\" scrolling=\"no\" frameborder=\"no\" src=\"https://w.soundcloud.com/player/?visual=true&url=http%3A%2F%2Fapi.soundcloud.com%2Ftracks%2F106700097&show_artwork=true&in=benetco%2Fsets%2Fslwx\"></iframe>\n</div>\n\n    <table class=\"noembed-meta-info\">\n      <tr>\n        <td class=\"favicon\"><img src=\"https://noembed.com/favicon/SoundCloud.png\"></td>\n        <td>SoundCloud</td>\n        <td align=\"right\">\n          <a title=\"https://soundcloud.com/soulwax-rarities/kolk-uma-soulwax-remix-hq-cd?in=benetco/sets/slwx\" href=\"https://soundcloud.com/soulwax-rarities/kolk-uma-soulwax-remix-hq-cd?in=benetco/sets/slwx\">https://soundcloud.com/soulwax-rarities/kolk-uma-s</a>\n        </td>\n      </tr>\n    </table>\n  </div>\n</div>\n",
            "provider_name": "SoundCloud",
            "thumbnail": "http://i1.sndcdn.com/artworks-000055967012-5vegw4-t500x500.jpg",
            "title": "Kolk - Uma (Soulwax Remix) HQ CD-Rip by Soulwax Rarities",
            "updated": "2016-06-28T21:15:16.802Z",
            "url": "https://soundcloud.com/soulwax-rarities/kolk-uma-soulwax-remix-hq-cd?in=benetco/sets/slwx"
        },
        "model": "l8pr.item",
        "pk": 43
    },
    {
        "fields": {
            "added": "2016-06-28T21:15:16.837Z",
            "author_name": "princesskhym",
            "description": null,
            "duration": 343,
            "html": "\n<div class=\"noembed-embed \">\n  <div class=\"noembed-wrapper\">\n    \n<div class=\"noembed-embed-inner noembed-soundcloud\">\n  <iframe width=\"100%\" height=\"400\" scrolling=\"no\" frameborder=\"no\" src=\"https://w.soundcloud.com/player/?visual=true&url=http%3A%2F%2Fapi.soundcloud.com%2Ftracks%2F11734784&show_artwork=true&in=benetco%2Fsets%2Fslwx\"></iframe>\n</div>\n\n    <table class=\"noembed-meta-info\">\n      <tr>\n        <td class=\"favicon\"><img src=\"https://noembed.com/favicon/SoundCloud.png\"></td>\n        <td>SoundCloud</td>\n        <td align=\"right\">\n          <a title=\"https://soundcloud.com/princesskhym/gorillaz-dare-soulwax-remix?in=benetco/sets/slwx\" href=\"https://soundcloud.com/princesskhym/gorillaz-dare-soulwax-remix?in=benetco/sets/slwx\">https://soundcloud.com/princesskhym/gorillaz-dare-</a>\n        </td>\n      </tr>\n    </table>\n  </div>\n</div>\n",
            "provider_name": "SoundCloud",
            "thumbnail": "http://a1.sndcdn.com/images/fb_placeholder.png?1440411592",
            "title": "Gorillaz DARE (Soulwax Remix) by princesskhym",
            "updated": "2016-06-28T21:15:16.837Z",
            "url": "https://soundcloud.com/princesskhym/gorillaz-dare-soulwax-remix?in=benetco/sets/slwx"
        },
        "model": "l8pr.item",
        "pk": 44
    },
    {
        "fields": {
            "added": "2016-06-28T21:15:16.869Z",
            "author_name": "Banger L.",
            "description": null,
            "duration": 445,
            "html": "\n<div class=\"noembed-embed \">\n  <div class=\"noembed-wrapper\">\n    \n<div class=\"noembed-embed-inner noembed-soundcloud\">\n  <iframe width=\"100%\" height=\"400\" scrolling=\"no\" frameborder=\"no\" src=\"https://w.soundcloud.com/player/?visual=true&url=http%3A%2F%2Fapi.soundcloud.com%2Ftracks%2F26475006&show_artwork=true&in=benetco%2Fsets%2Fslwx\"></iframe>\n</div>\n\n    <table class=\"noembed-meta-info\">\n      <tr>\n        <td class=\"favicon\"><img src=\"https://noembed.com/favicon/SoundCloud.png\"></td>\n        <td>SoundCloud</td>\n        <td align=\"right\">\n          <a title=\"https://soundcloud.com/banger-live/justice-phantom-pt-2-soulwax?in=benetco/sets/slwx\" href=\"https://soundcloud.com/banger-live/justice-phantom-pt-2-soulwax?in=benetco/sets/slwx\">https://soundcloud.com/banger-live/justice-phantom</a>\n        </td>\n      </tr>\n    </table>\n  </div>\n</div>\n",
            "provider_name": "SoundCloud",
            "thumbnail": "http://a1.sndcdn.com/images/fb_placeholder.png?1440411592",
            "title": "Justice - Phantom Pt 2 Soulwax Remix by Banger L.",
            "updated": "2016-06-28T21:15:16.869Z",
            "url": "https://soundcloud.com/banger-live/justice-phantom-pt-2-soulwax?in=benetco/sets/slwx"
        },
        "model": "l8pr.item",
        "pk": 45
    },
    {
        "fields": {
            "added": "2016-06-28T21:15:16.898Z",
            "author_name": "JLMoloney",
            "description": null,
            "duration": 2567,
            "html": "\n<div class=\"noembed-embed \">\n  <div class=\"noembed-wrapper\">\n    \n<div class=\"noembed-embed-inner noembed-soundcloud\">\n  <iframe width=\"100%\" height=\"400\" scrolling=\"no\" frameborder=\"no\" src=\"https://w.soundcloud.com/player/?visual=true&url=http%3A%2F%2Fapi.soundcloud.com%2Ftracks%2F119583393&show_artwork=true&in=benetco%2Fsets%2Fslwx\"></iframe>\n</div>\n\n    <table class=\"noembed-meta-info\">\n      <tr>\n        <td class=\"favicon\"><img src=\"https://noembed.com/favicon/SoundCloud.png\"></td>\n        <td>SoundCloud</td>\n        <td align=\"right\">\n          <a title=\"https://soundcloud.com/coversjm/soulwax-fm-gta-v-continouis?in=benetco/sets/slwx\" href=\"https://soundcloud.com/coversjm/soulwax-fm-gta-v-continouis?in=benetco/sets/slwx\">https://soundcloud.com/coversjm/soulwax-fm-gta-v-c</a>\n        </td>\n      </tr>\n    </table>\n  </div>\n</div>\n",
            "provider_name": "SoundCloud",
            "thumbnail": "http://i1.sndcdn.com/artworks-000062449428-j60yzw-t500x500.jpg",
            "title": "Soulwax FM GTA V Continuous Mix by JLMoloney",
            "updated": "2016-06-28T21:15:16.898Z",
            "url": "https://soundcloud.com/coversjm/soulwax-fm-gta-v-continouis?in=benetco/sets/slwx"
        },
        "model": "l8pr.item",
        "pk": 46
    },
    {
        "fields": {
            "added": "2016-06-28T21:15:19.638Z",
            "author_name": "lesamisdelaforet",
            "description": null,
            "duration": 230,
            "html": "\n<div class=\"noembed-embed \">\n  <div class=\"noembed-wrapper\">\n    \n<div class=\"noembed-embed-inner noembed-youtube\">\n  \n<iframe width=\" 480\" height=\"270\" src=\"https://www.youtube.com/embed/2mBcoTRQPqI?feature=oembed\" frameborder=\"0\" allowfullscreen=\"allowfullscreen\"></iframe>\n\n</div>\n\n    <table class=\"noembed-meta-info\">\n      <tr>\n        <td>YouTube</td>\n        <td align=\"right\">\n          <a title=\"https://www.youtube.com/watch?v=2mBcoTRQPqI\" href=\"https://www.youtube.com/watch?v=2mBcoTRQPqI\">https://www.youtube.com/watch?v=2mBcoTRQPqI</a>\n        </td>\n      </tr>\n    </table>\n  </div>\n</div>\n",
            "provider_name": "YouTube",
            "thumbnail": "https://i.ytimg.com/vi/2mBcoTRQPqI/hqdefault.jpg",
            "title": "CCCP   - cosmic communist constructions photographed - frederic chaubin",
            "updated": "2016-06-28T21:15:19.638Z",
            "url": "https://www.youtube.com/watch?v=2mBcoTRQPqI"
        },
        "model": "l8pr.item",
        "pk": 91
    },
    {
        "fields": {
            "added": "2016-06-28T21:15:19.698Z",
            "author_name": "BGbitch",
            "description": null,
            "duration": 1522,
            "html": "\n<div class=\"noembed-embed \">\n  <div class=\"noembed-wrapper\">\n    \n<div class=\"noembed-embed-inner noembed-youtube\">\n  \n<iframe width=\" 480\" height=\"270\" src=\"https://www.youtube.com/embed/OGJl7cEMhys?feature=oembed\" frameborder=\"0\" allowfullscreen=\"allowfullscreen\"></iframe>\n\n</div>\n\n    <table class=\"noembed-meta-info\">\n      <tr>\n        <td>YouTube</td>\n        <td align=\"right\">\n          <a title=\"https://www.youtube.com/watch?v=OGJl7cEMhys\" href=\"https://www.youtube.com/watch?v=OGJl7cEMhys\">https://www.youtube.com/watch?v=OGJl7cEMhys</a>\n        </td>\n      </tr>\n    </table>\n  </div>\n</div>\n",
            "provider_name": "YouTube",
            "thumbnail": "https://i.ytimg.com/vi/OGJl7cEMhys/hqdefault.jpg",
            "title": "BIRDGANG full",
            "updated": "2016-06-28T21:15:19.698Z",
            "url": "https://www.youtube.com/watch?v=OGJl7cEMhys"
        },
        "model": "l8pr.item",
        "pk": 92
    },
    {
        "fields": {
            "added": "2016-06-28T21:15:19.750Z",
            "author_name": "CuriousInventor",
            "description": null,
            "duration": 1345,
            "html": "\n<div class=\"noembed-embed \">\n  <div class=\"noembed-wrapper\">\n    \n<div class=\"noembed-embed-inner noembed-youtube\">\n  \n<iframe width=\" 480\" height=\"270\" src=\"https://www.youtube.com/embed/Lx9zgZCMqXE?feature=oembed\" frameborder=\"0\" allowfullscreen=\"allowfullscreen\"></iframe>\n\n</div>\n\n    <table class=\"noembed-meta-info\">\n      <tr>\n        <td>YouTube</td>\n        <td align=\"right\">\n          <a title=\"https://www.youtube.com/watch?v=Lx9zgZCMqXE\" href=\"https://www.youtube.com/watch?v=Lx9zgZCMqXE\">https://www.youtube.com/watch?v=Lx9zgZCMqXE</a>\n        </td>\n      </tr>\n    </table>\n  </div>\n</div>\n",
            "provider_name": "YouTube",
            "thumbnail": "https://i.ytimg.com/vi/Lx9zgZCMqXE/hqdefault.jpg",
            "title": "How Bitcoin Works Under the Hood",
            "updated": "2016-06-28T21:15:19.750Z",
            "url": "https://www.youtube.com/watch?v=Lx9zgZCMqXE"
        },
        "model": "l8pr.item",
        "pk": 93
    },
    {
        "fields": {
            "added": "2016-06-28T21:15:19.791Z",
            "author_name": "kaptainkristian",
            "description": null,
            "duration": 382,
            "html": "\n<div class=\"noembed-embed \">\n  <div class=\"noembed-wrapper\">\n    \n<div class=\"noembed-embed-inner noembed-youtube\">\n  \n<iframe width=\" 480\" height=\"270\" src=\"https://www.youtube.com/embed/-xzzQVk5IfE?feature=oembed\" frameborder=\"0\" allowfullscreen=\"allowfullscreen\"></iframe>\n\n</div>\n\n    <table class=\"noembed-meta-info\">\n      <tr>\n        <td>YouTube</td>\n        <td align=\"right\">\n          <a title=\"https://www.youtube.com/watch?v=-xzzQVk5IfE\" href=\"https://www.youtube.com/watch?v=-xzzQVk5IfE\">https://www.youtube.com/watch?v=-xzzQVk5IfE</a>\n        </td>\n      </tr>\n    </table>\n  </div>\n</div>\n",
            "provider_name": "YouTube",
            "thumbnail": "https://i.ytimg.com/vi/-xzzQVk5IfE/hqdefault.jpg",
            "title": "Calvin & Hobbes - Art Before Commerce",
            "updated": "2016-06-28T21:15:19.791Z",
            "url": "https://www.youtube.com/watch?v=-xzzQVk5IfE"
        },
        "model": "l8pr.item",
        "pk": 94
    },
    {
        "fields": {
            "added": "2016-06-28T21:15:19.853Z",
            "author_name": "Hershel Layton",
            "description": null,
            "duration": 537,
            "html": "\n<div class=\"noembed-embed \">\n  <div class=\"noembed-wrapper\">\n    \n<div class=\"noembed-embed-inner noembed-youtube\">\n  \n<iframe width=\" 459\" height=\"344\" src=\"https://www.youtube.com/embed/vKM154z0Afs?feature=oembed\" frameborder=\"0\" allowfullscreen></iframe>\n\n</div>\n\n    <table class=\"noembed-meta-info\">\n      <tr>\n        <td class=\"favicon\"><img src=\"https://noembed.com/favicon/YouTube.png\"></td>\n        <td>YouTube</td>\n        <td align=\"right\">\n          <a title=\"https://www.youtube.com/watch?v=vKM154z0Afs\" href=\"https://www.youtube.com/watch?v=vKM154z0Afs\">https://www.youtube.com/watch?v=vKM154z0Afs</a>\n        </td>\n      </tr>\n    </table>\n  </div>\n</div>\n",
            "provider_name": "YouTube",
            "thumbnail": "https://i.ytimg.com/vi/vKM154z0Afs/hqdefault.jpg",
            "title": "Jean Cocteau Documentary #3",
            "updated": "2016-06-28T21:15:19.853Z",
            "url": "https://www.youtube.com/watch?v=vKM154z0Afs"
        },
        "model": "l8pr.item",
        "pk": 95
    },
    {
        "fields": {
            "added": "2016-06-28T21:15:19.890Z",
            "author_name": "MOCA",
            "description": null,
            "duration": 631,
            "html": "\n<div class=\"noembed-embed \">\n  <div class=\"noembed-wrapper\">\n    \n<div class=\"noembed-embed-inner noembed-youtube\">\n  \n<iframe width=\" 480\" height=\"270\" src=\"https://www.youtube.com/embed/2B6nMlajUqU?feature=oembed\" frameborder=\"0\" allowfullscreen></iframe>\n\n</div>\n\n    <table class=\"noembed-meta-info\">\n      <tr>\n        <td class=\"favicon\"><img src=\"https://noembed.com/favicon/YouTube.png\"></td>\n        <td>YouTube</td>\n        <td align=\"right\">\n          <a title=\"https://www.youtube.com/watch?v=2B6nMlajUqU\" href=\"https://www.youtube.com/watch?v=2B6nMlajUqU\">https://www.youtube.com/watch?v=2B6nMlajUqU</a>\n        </td>\n      </tr>\n    </table>\n  </div>\n</div>\n",
            "provider_name": "YouTube",
            "thumbnail": "https://i.ytimg.com/vi/2B6nMlajUqU/hqdefault.jpg",
            "title": "Nan Goldin - The Ballad of Sexual Dependency - MOCA U - MOCAtv",
            "updated": "2016-06-28T21:15:19.890Z",
            "url": "https://www.youtube.com/watch?v=2B6nMlajUqU"
        },
        "model": "l8pr.item",
        "pk": 96
    },
    {
        "fields": {
            "added": "2016-06-28T21:15:19.954Z",
            "author_name": "VD Vault",
            "description": null,
            "duration": 3586,
            "html": "\n<div class=\"noembed-embed \">\n  <div class=\"noembed-wrapper\">\n    \n<div class=\"noembed-embed-inner noembed-youtube\">\n  \n<iframe width=\" 480\" height=\"270\" src=\"https://www.youtube.com/embed/c4sLwt8mhZs?feature=oembed\" frameborder=\"0\" allowfullscreen></iframe>\n\n</div>\n\n    <table class=\"noembed-meta-info\">\n      <tr>\n        <td class=\"favicon\"><img src=\"https://noembed.com/favicon/YouTube.png\"></td>\n        <td>YouTube</td>\n        <td align=\"right\">\n          <a title=\"https://www.youtube.com/watch?v=c4sLwt8mhZs\" href=\"https://www.youtube.com/watch?v=c4sLwt8mhZs\">https://www.youtube.com/watch?v=c4sLwt8mhZs</a>\n        </td>\n      </tr>\n    </table>\n  </div>\n</div>\n",
            "provider_name": "YouTube",
            "thumbnail": "https://i.ytimg.com/vi/c4sLwt8mhZs/hqdefault.jpg",
            "title": "KATE BUSH - The Kate Bush Story (2014 BBC Documentary)",
            "updated": "2016-06-28T21:15:19.954Z",
            "url": "https://www.youtube.com/watch?v=c4sLwt8mhZs"
        },
        "model": "l8pr.item",
        "pk": 97
    },
    {
        "fields": {
            "added": "2016-06-28T21:15:20.008Z",
            "author_name": "Jungles in Paris",
            "description": null,
            "duration": 347,
            "html": "\n<div class=\"noembed-embed \">\n  <div class=\"noembed-wrapper\">\n    \n<div class=\"noembed-embed-inner noembed-youtube\">\n  \n<iframe width=\" 480\" height=\"270\" src=\"https://www.youtube.com/embed/eUSBVuBXnaY?feature=oembed\" frameborder=\"0\" allowfullscreen></iframe>\n\n</div>\n\n    <table class=\"noembed-meta-info\">\n      <tr>\n        <td class=\"favicon\"><img src=\"https://noembed.com/favicon/YouTube.png\"></td>\n        <td>YouTube</td>\n        <td align=\"right\">\n          <a title=\"https://www.youtube.com/watch?v=eUSBVuBXnaY\" href=\"https://www.youtube.com/watch?v=eUSBVuBXnaY\">https://www.youtube.com/watch?v=eUSBVuBXnaY</a>\n        </td>\n      </tr>\n    </table>\n  </div>\n</div>\n",
            "provider_name": "YouTube",
            "thumbnail": "https://i.ytimg.com/vi/eUSBVuBXnaY/hqdefault.jpg",
            "title": "The Dictionary",
            "updated": "2016-06-28T21:15:20.008Z",
            "url": "https://www.youtube.com/watch?v=eUSBVuBXnaY"
        },
        "model": "l8pr.item",
        "pk": 98
    },
    {
        "fields": {
            "added": "2016-06-28T21:15:20.048Z",
            "author_name": "Motherboard",
            "description": null,
            "duration": 1851,
            "html": "\n<div class=\"noembed-embed \">\n  <div class=\"noembed-wrapper\">\n    \n<div class=\"noembed-embed-inner noembed-youtube\">\n  \n<iframe width=\" 480\" height=\"270\" src=\"https://www.youtube.com/embed/Fx93WJPCCGs?feature=oembed\" frameborder=\"0\" allowfullscreen></iframe>\n\n</div>\n\n    <table class=\"noembed-meta-info\">\n      <tr>\n        <td class=\"favicon\"><img src=\"https://noembed.com/favicon/YouTube.png\"></td>\n        <td>YouTube</td>\n        <td align=\"right\">\n          <a title=\"https://www.youtube.com/watch?v=Fx93WJPCCGs\" href=\"https://www.youtube.com/watch?v=Fx93WJPCCGs\">https://www.youtube.com/watch?v=Fx93WJPCCGs</a>\n        </td>\n      </tr>\n    </table>\n  </div>\n</div>\n",
            "provider_name": "YouTube",
            "thumbnail": "https://i.ytimg.com/vi/Fx93WJPCCGs/hqdefault.jpg",
            "title": "Free the Network: Hackers Take Back the Web",
            "updated": "2016-06-28T21:15:20.048Z",
            "url": "https://www.youtube.com/watch?v=Fx93WJPCCGs"
        },
        "model": "l8pr.item",
        "pk": 99
    },
    {
        "fields": {
            "added": "2016-06-28T21:15:20.090Z",
            "author_name": "The Economist",
            "description": null,
            "duration": 380,
            "html": "\n<div class=\"noembed-embed \">\n  <div class=\"noembed-wrapper\">\n    \n<div class=\"noembed-embed-inner noembed-youtube\">\n  \n<iframe width=\" 480\" height=\"270\" src=\"https://www.youtube.com/embed/AOhuUxtxrmg?feature=oembed\" frameborder=\"0\" allowfullscreen></iframe>\n\n</div>\n\n    <table class=\"noembed-meta-info\">\n      <tr>\n        <td class=\"favicon\"><img src=\"https://noembed.com/favicon/YouTube.png\"></td>\n        <td>YouTube</td>\n        <td align=\"right\">\n          <a title=\"https://www.youtube.com/watch?v=AOhuUxtxrmg\" href=\"https://www.youtube.com/watch?v=AOhuUxtxrmg\">https://www.youtube.com/watch?v=AOhuUxtxrmg</a>\n        </td>\n      </tr>\n    </table>\n  </div>\n</div>\n",
            "provider_name": "YouTube",
            "thumbnail": "https://i.ytimg.com/vi/AOhuUxtxrmg/hqdefault.jpg",
            "title": "Japan's Yakuza: Inside the syndicate",
            "updated": "2016-06-28T21:15:20.090Z",
            "url": "https://www.youtube.com/watch?v=AOhuUxtxrmg"
        },
        "model": "l8pr.item",
        "pk": 100
    },
    {
        "fields": {
            "added": "2016-06-28T21:15:20.141Z",
            "author_name": "lamiamarca",
            "description": null,
            "duration": 144,
            "html": null,
            "provider_name": "YouTube",
            "thumbnail": "https://i.ytimg.com/vi/ZJIhMz8Auts/hqdefault.jpg",
            "title": "A simetria dos filmes de Wes Anderson",
            "updated": "2016-06-28T21:15:20.142Z",
            "url": "https://www.youtube.com/watch?v=ZJIhMz8Auts"
        },
        "model": "l8pr.item",
        "pk": 101
    },
    {
        "fields": {
            "added": "2016-06-28T21:15:20.200Z",
            "author_name": "canzoniutili",
            "description": null,
            "duration": 225,
            "html": null,
            "provider_name": "YouTube",
            "thumbnail": "https://i.ytimg.com/vi/O6dF8Gjm-X8/hqdefault.jpg",
            "title": "Marina Abramovic - ARTIST IS PRESENT (La muraglia cinese)",
            "updated": "2016-06-28T21:15:20.200Z",
            "url": "https://www.youtube.com/watch?v=O6dF8Gjm-X8"
        },
        "model": "l8pr.item",
        "pk": 102
    },
    {
        "fields": {
            "added": "2016-06-28T21:15:20.234Z",
            "author_name": "The Economist",
            "description": null,
            "duration": 630,
            "html": "\n<div class=\"noembed-embed \">\n  <div class=\"noembed-wrapper\">\n    \n<div class=\"noembed-embed-inner noembed-youtube\">\n  \n<iframe width=\" 480\" height=\"270\" src=\"https://www.youtube.com/embed/OKKbkS_LOu4?feature=oembed\" frameborder=\"0\" allowfullscreen></iframe>\n\n</div>\n\n    <table class=\"noembed-meta-info\">\n      <tr>\n        <td class=\"favicon\"><img src=\"https://noembed.com/favicon/YouTube.png\"></td>\n        <td>YouTube</td>\n        <td align=\"right\">\n          <a title=\"https://www.youtube.com/watch?v=OKKbkS_LOu4\" href=\"https://www.youtube.com/watch?v=OKKbkS_LOu4\">https://www.youtube.com/watch?v=OKKbkS_LOu4</a>\n        </td>\n      </tr>\n    </table>\n  </div>\n</div>\n",
            "provider_name": "YouTube",
            "thumbnail": "https://i.ytimg.com/vi/OKKbkS_LOu4/hqdefault.jpg",
            "title": "Why does time pass?",
            "updated": "2016-06-28T21:15:20.235Z",
            "url": "https://www.youtube.com/watch?v=OKKbkS_LOu4"
        },
        "model": "l8pr.item",
        "pk": 103
    },
    {
        "fields": {
            "added": "2016-06-28T21:15:20.276Z",
            "author_name": "The Economist",
            "description": null,
            "duration": 538,
            "html": "\n<div class=\"noembed-embed \">\n  <div class=\"noembed-wrapper\">\n    \n<div class=\"noembed-embed-inner noembed-youtube\">\n  \n<iframe width=\" 480\" height=\"270\" src=\"https://www.youtube.com/embed/Rx7erWZ8TjA?feature=oembed\" frameborder=\"0\" allowfullscreen></iframe>\n\n</div>\n\n    <table class=\"noembed-meta-info\">\n      <tr>\n        <td class=\"favicon\"><img src=\"https://noembed.com/favicon/YouTube.png\"></td>\n        <td>YouTube</td>\n        <td align=\"right\">\n          <a title=\"https://www.youtube.com/watch?v=Rx7erWZ8TjA\" href=\"https://www.youtube.com/watch?v=Rx7erWZ8TjA\">https://www.youtube.com/watch?v=Rx7erWZ8TjA</a>\n        </td>\n      </tr>\n    </table>\n  </div>\n</div>\n",
            "provider_name": "YouTube",
            "thumbnail": "https://i.ytimg.com/vi/Rx7erWZ8TjA/hqdefault.jpg",
            "title": "Do we live in a multiverse?",
            "updated": "2016-06-28T21:15:20.276Z",
            "url": "https://www.youtube.com/watch?v=Rx7erWZ8TjA"
        },
        "model": "l8pr.item",
        "pk": 104
    },
    {
        "fields": {
            "added": "2016-06-28T21:15:20.316Z",
            "author_name": "azwris",
            "description": null,
            "duration": 330,
            "html": "\n<div class=\"noembed-embed \">\n  <div class=\"noembed-wrapper\">\n    \n<div class=\"noembed-embed-inner noembed-youtube\">\n  \n<iframe width=\" 459\" height=\"344\" src=\"https://www.youtube.com/embed/VOhQ1hBUgkw?feature=oembed\" frameborder=\"0\" allowfullscreen></iframe>\n\n</div>\n\n    <table class=\"noembed-meta-info\">\n      <tr>\n        <td class=\"favicon\"><img src=\"https://noembed.com/favicon/YouTube.png\"></td>\n        <td>YouTube</td>\n        <td align=\"right\">\n          <a title=\"https://www.youtube.com/watch?v=VOhQ1hBUgkw\" href=\"https://www.youtube.com/watch?v=VOhQ1hBUgkw\">https://www.youtube.com/watch?v=VOhQ1hBUgkw</a>\n        </td>\n      </tr>\n    </table>\n  </div>\n</div>\n",
            "provider_name": "YouTube",
            "thumbnail": "https://i.ytimg.com/vi/VOhQ1hBUgkw/hqdefault.jpg",
            "title": "\"Jeu d'\u00e9checs\" avec Marcel Duchamp ,1963 / excerpts",
            "updated": "2016-06-28T21:15:20.317Z",
            "url": "https://www.youtube.com/watch?v=VOhQ1hBUgkw"
        },
        "model": "l8pr.item",
        "pk": 105
    },
    {
        "fields": {
            "added": "2016-06-28T21:15:20.392Z",
            "author_name": "KOMPAKT",
            "description": null,
            "duration": 417,
            "html": "\n<div class=\"noembed-embed \">\n  <div class=\"noembed-wrapper\">\n    \n<div class=\"noembed-embed-inner noembed-youtube\">\n  \n<iframe width=\" 480\" height=\"270\" src=\"https://www.youtube.com/embed/NuzmJu0n2lQ?feature=oembed\" frameborder=\"0\" allowfullscreen></iframe>\n\n</div>\n\n    <table class=\"noembed-meta-info\">\n      <tr>\n        <td class=\"favicon\"><img src=\"https://noembed.com/favicon/YouTube.png\"></td>\n        <td>YouTube</td>\n        <td align=\"right\">\n          <a title=\"https://www.youtube.com/watch?v=NuzmJu0n2lQ\" href=\"https://www.youtube.com/watch?v=NuzmJu0n2lQ\">https://www.youtube.com/watch?v=NuzmJu0n2lQ</a>\n        </td>\n      </tr>\n    </table>\n  </div>\n</div>\n",
            "provider_name": "YouTube",
            "thumbnail": "https://i.ytimg.com/vi/NuzmJu0n2lQ/hqdefault.jpg",
            "title": "Gregor Schwellenbach spielt 20 Jahre Kompakt (The Making Of)",
            "updated": "2016-06-28T21:15:20.392Z",
            "url": "https://www.youtube.com/watch?v=NuzmJu0n2lQ"
        },
        "model": "l8pr.item",
        "pk": 106
    },
    {
        "fields": {
            "added": "2016-06-28T21:15:20.473Z",
            "author_name": "Parcours de la pens\u00e9e",
            "description": null,
            "duration": 294,
            "html": "\n<div class=\"noembed-embed \">\n  <div class=\"noembed-wrapper\">\n    \n<div class=\"noembed-embed-inner noembed-youtube\">\n  \n<iframe width=\" 459\" height=\"344\" src=\"https://www.youtube.com/embed/B21ZD8Q_uJE?feature=oembed\" frameborder=\"0\" allowfullscreen></iframe>\n\n</div>\n\n    <table class=\"noembed-meta-info\">\n      <tr>\n        <td class=\"favicon\"><img src=\"https://noembed.com/favicon/YouTube.png\"></td>\n        <td>YouTube</td>\n        <td align=\"right\">\n          <a title=\"https://www.youtube.com/watch?v=B21ZD8Q_uJE\" href=\"https://www.youtube.com/watch?v=B21ZD8Q_uJE\">https://www.youtube.com/watch?v=B21ZD8Q_uJE</a>\n        </td>\n      </tr>\n    </table>\n  </div>\n</div>\n",
            "provider_name": "YouTube",
            "thumbnail": "https://i.ytimg.com/vi/B21ZD8Q_uJE/hqdefault.jpg",
            "title": "Op\u00e9ra vertical (fin)",
            "updated": "2016-06-28T21:15:20.473Z",
            "url": "https://www.youtube.com/watch?v=B21ZD8Q_uJE"
        },
        "model": "l8pr.item",
        "pk": 107
    },
    {
        "fields": {
            "added": "2016-06-28T21:15:20.520Z",
            "author_name": "Gainsbarr\u00e924",
            "description": null,
            "duration": 1632,
            "html": "\n<div class=\"noembed-embed \">\n  <div class=\"noembed-wrapper\">\n    \n<div class=\"noembed-embed-inner noembed-youtube\">\n  \n<iframe width=\" 459\" height=\"344\" src=\"https://www.youtube.com/embed/GV-b831aoL8?feature=oembed\" frameborder=\"0\" allowfullscreen></iframe>\n\n</div>\n\n    <table class=\"noembed-meta-info\">\n      <tr>\n        <td class=\"favicon\"><img src=\"https://noembed.com/favicon/YouTube.png\"></td>\n        <td>YouTube</td>\n        <td align=\"right\">\n          <a title=\"https://www.youtube.com/watch?v=GV-b831aoL8\" href=\"https://www.youtube.com/watch?v=GV-b831aoL8\">https://www.youtube.com/watch?v=GV-b831aoL8</a>\n        </td>\n      </tr>\n    </table>\n  </div>\n</div>\n",
            "provider_name": "YouTube",
            "thumbnail": "https://i.ytimg.com/vi/GV-b831aoL8/hqdefault.jpg",
            "title": "Gainsbourg.Nous nous sommes tant aim\u00e9s.avi",
            "updated": "2016-06-28T21:15:20.520Z",
            "url": "https://www.youtube.com/watch?v=GV-b831aoL8"
        },
        "model": "l8pr.item",
        "pk": 108
    },
    {
        "fields": {
            "added": "2016-06-28T21:15:20.570Z",
            "author_name": "kourtrajmeofficial",
            "description": null,
            "duration": 324,
            "html": null,
            "provider_name": "YouTube",
            "thumbnail": "https://i.ytimg.com/vi/fpfkjX_hmsc/hqdefault.jpg",
            "title": "Hommage au film LA HAINE",
            "updated": "2016-06-28T21:15:20.570Z",
            "url": "https://www.youtube.com/watch?v=fpfkjX_hmsc"
        },
        "model": "l8pr.item",
        "pk": 109
    },
    {
        "fields": {
            "added": "2016-06-28T21:15:20.641Z",
            "author_name": "NASA Goddard",
            "description": null,
            "duration": 160,
            "html": "\n<div class=\"noembed-embed \">\n  <div class=\"noembed-wrapper\">\n    \n<div class=\"noembed-embed-inner noembed-youtube\">\n  \n<iframe width=\" 480\" height=\"270\" src=\"https://www.youtube.com/embed/rA_VCLzvbvM?feature=oembed\" frameborder=\"0\" allowfullscreen></iframe>\n\n</div>\n\n    <table class=\"noembed-meta-info\">\n      <tr>\n        <td class=\"favicon\"><img src=\"https://noembed.com/favicon/YouTube.png\"></td>\n        <td>YouTube</td>\n        <td align=\"right\">\n          <a title=\"https://www.youtube.com/watch?v=rA_VCLzvbvM\" href=\"https://www.youtube.com/watch?v=rA_VCLzvbvM\">https://www.youtube.com/watch?v=rA_VCLzvbvM</a>\n        </td>\n      </tr>\n    </table>\n  </div>\n</div>\n",
            "provider_name": "YouTube",
            "thumbnail": "https://i.ytimg.com/vi/rA_VCLzvbvM/hqdefault.jpg",
            "title": "NASA | Getting the Big Picture",
            "updated": "2016-06-28T21:15:20.641Z",
            "url": "https://www.youtube.com/watch?v=rA_VCLzvbvM"
        },
        "model": "l8pr.item",
        "pk": 110
    },
    {
        "fields": {
            "added": "2016-06-28T21:15:20.711Z",
            "author_name": "Aitor L\u00f3pez G\u00f3mez",
            "description": null,
            "duration": 166,
            "html": null,
            "provider_name": "YouTube",
            "thumbnail": "https://i.ytimg.com/vi/DY5yrEAvCQc/hqdefault.jpg",
            "title": "Breaking Bad  POV (Point of View)",
            "updated": "2016-06-28T21:15:20.711Z",
            "url": "https://www.youtube.com/watch?v=DY5yrEAvCQc"
        },
        "model": "l8pr.item",
        "pk": 111
    },
    {
        "fields": {
            "added": "2016-06-28T21:15:20.747Z",
            "author_name": "Motherboard",
            "description": null,
            "duration": 1720,
            "html": null,
            "provider_name": "YouTube",
            "thumbnail": "https://i.ytimg.com/vi/5qBjFZV19p0/hqdefault.jpg",
            "title": "The Dawn of Killer Robots (Full Length)",
            "updated": "2016-06-28T21:15:20.747Z",
            "url": "https://www.youtube.com/watch?v=5qBjFZV19p0"
        },
        "model": "l8pr.item",
        "pk": 112
    },
    {
        "fields": {
            "added": "2016-06-28T21:15:20.824Z",
            "author_name": "Federico Fiorani",
            "description": null,
            "duration": 1754,
            "html": "\n<div class=\"noembed-embed \">\n  <div class=\"noembed-wrapper\">\n    \n<div class=\"noembed-embed-inner noembed-youtube\">\n  \n<iframe width=\" 459\" height=\"344\" src=\"https://www.youtube.com/embed/5ZIxuj7cbeg?feature=oembed\" frameborder=\"0\" allowfullscreen></iframe>\n\n</div>\n\n    <table class=\"noembed-meta-info\">\n      <tr>\n        <td class=\"favicon\"><img src=\"https://noembed.com/favicon/YouTube.png\"></td>\n        <td>YouTube</td>\n        <td align=\"right\">\n          <a title=\"https://www.youtube.com/watch?v=5ZIxuj7cbeg\" href=\"https://www.youtube.com/watch?v=5ZIxuj7cbeg\">https://www.youtube.com/watch?v=5ZIxuj7cbeg</a>\n        </td>\n      </tr>\n    </table>\n  </div>\n</div>\n",
            "provider_name": "YouTube",
            "thumbnail": "https://i.ytimg.com/vi/5ZIxuj7cbeg/hqdefault.jpg",
            "title": "Free Climbing Patrick Edlinger Verdon Forever",
            "updated": "2016-06-28T21:15:20.824Z",
            "url": "https://www.youtube.com/watch?v=5ZIxuj7cbeg"
        },
        "model": "l8pr.item",
        "pk": 113
    },
    {
        "fields": {
            "added": "2016-06-28T21:15:20.890Z",
            "author_name": "Motherboard",
            "description": null,
            "duration": 715,
            "html": null,
            "provider_name": "YouTube",
            "thumbnail": "https://i.ytimg.com/vi/4IlafxWwKdY/hqdefault.jpg",
            "title": "Instagram's Most Notorious Dissector of Death",
            "updated": "2016-06-28T21:15:20.891Z",
            "url": "https://www.youtube.com/watch?v=4IlafxWwKdY"
        },
        "model": "l8pr.item",
        "pk": 114
    },
    {
        "fields": {
            "added": "2016-06-28T21:15:20.972Z",
            "author_name": "MAMMUT",
            "description": null,
            "duration": 387,
            "html": null,
            "provider_name": "YouTube",
            "thumbnail": "https://i.ytimg.com/vi/dMGZTIMRIIo/hqdefault.jpg",
            "title": "KINETIC - Jan Hojer in Fontainebleau",
            "updated": "2016-06-28T21:15:20.972Z",
            "url": "https://www.youtube.com/watch?v=dMGZTIMRIIo"
        },
        "model": "l8pr.item",
        "pk": 115
    },
    {
        "fields": {
            "added": "2016-06-28T21:15:21.054Z",
            "author_name": "ProjectLikeKnowsLike",
            "description": null,
            "duration": 333,
            "html": null,
            "provider_name": "YouTube",
            "thumbnail": "https://i.ytimg.com/vi/5pGg-te_kCI/hqdefault.jpg",
            "title": "Brandon Doman - Like Knows Like",
            "updated": "2016-06-28T21:15:21.054Z",
            "url": "https://www.youtube.com/watch?v=5pGg-te_kCI"
        },
        "model": "l8pr.item",
        "pk": 116
    },
    {
        "fields": {
            "added": "2016-06-28T21:15:21.122Z",
            "author_name": "ProjectLikeKnowsLike",
            "description": null,
            "duration": 448,
            "html": null,
            "provider_name": "YouTube",
            "thumbnail": "https://i.ytimg.com/vi/YG_Ipmux2cM/hqdefault.jpg",
            "title": "Jessica Walsh - Like Knows Like",
            "updated": "2016-06-28T21:15:21.122Z",
            "url": "https://www.youtube.com/watch?v=YG_Ipmux2cM"
        },
        "model": "l8pr.item",
        "pk": 117
    },
    {
        "fields": {
            "added": "2016-06-28T21:15:21.184Z",
            "author_name": "JokeMTP",
            "description": null,
            "duration": 398,
            "html": null,
            "provider_name": "YouTube",
            "thumbnail": "https://i.ytimg.com/vi/kugIhNFE60I/hqdefault.jpg",
            "title": "Joke: \"De Kyoto \u00e0...\" - \u00c9pisode 1",
            "updated": "2016-06-28T21:15:21.184Z",
            "url": "https://www.youtube.com/watch?v=kugIhNFE60I"
        },
        "model": "l8pr.item",
        "pk": 118
    },
    {
        "fields": {
            "added": "2016-06-28T21:15:21.279Z",
            "author_name": "Fondation Cartier pour l'art contemporain",
            "description": null,
            "duration": 284,
            "html": null,
            "provider_name": "YouTube",
            "thumbnail": "https://i.ytimg.com/vi/g2iPpa4azRc/hqdefault.jpg",
            "title": "Ron Mueck - Still Life: Ron Mueck at Work - 2013",
            "updated": "2016-06-28T21:15:21.279Z",
            "url": "https://www.youtube.com/watch?v=g2iPpa4azRc"
        },
        "model": "l8pr.item",
        "pk": 119
    },
    {
        "fields": {
            "added": "2016-06-28T21:15:21.364Z",
            "author_name": "John Lyons",
            "description": null,
            "duration": 510,
            "html": null,
            "provider_name": "YouTube",
            "thumbnail": "https://i.ytimg.com/vi/BifeKHFWTZ8/hqdefault.jpg",
            "title": "Linklater: On Cinema & Time",
            "updated": "2016-06-28T21:15:21.364Z",
            "url": "https://www.youtube.com/watch?v=BifeKHFWTZ8"
        },
        "model": "l8pr.item",
        "pk": 120
    },
    {
        "fields": {
            "added": "2016-06-28T21:15:21.427Z",
            "author_name": "Ci Neryong",
            "description": null,
            "duration": 296,
            "html": null,
            "provider_name": "YouTube",
            "thumbnail": "https://i.ytimg.com/vi/odJxAd4WU8Y/hqdefault.jpg",
            "title": "What is neorealism [HD]",
            "updated": "2016-06-28T21:15:21.427Z",
            "url": "https://www.youtube.com/watch?v=odJxAd4WU8Y"
        },
        "model": "l8pr.item",
        "pk": 121
    },
    {
        "fields": {
            "added": "2016-06-28T21:15:21.511Z",
            "author_name": "NOWNESS",
            "description": null,
            "duration": 192,
            "html": null,
            "provider_name": "YouTube",
            "thumbnail": "https://i.ytimg.com/vi/A0EVqd3wbq0/hqdefault.jpg",
            "title": "\u201cMad River\u201d by Jungles in Paris",
            "updated": "2016-06-28T21:15:21.511Z",
            "url": "https://www.youtube.com/watch?v=A0EVqd3wbq0"
        },
        "model": "l8pr.item",
        "pk": 122
    },
    {
        "fields": {
            "added": "2016-06-28T21:15:27.329Z",
            "author_name": "Shower Covers",
            "description": null,
            "duration": 58,
            "html": "\n<div class=\"noembed-embed \">\n  <div class=\"noembed-wrapper\">\n    \n<div class=\"noembed-embed-inner noembed-youtube\">\n  \n<iframe width=\" 480\" height=\"270\" src=\"https://www.youtube.com/embed/xEZx5S_M8oY?feature=oembed\" frameborder=\"0\" allowfullscreen></iframe>\n\n</div>\n\n    <table class=\"noembed-meta-info\">\n      <tr>\n        <td class=\"favicon\"><img src=\"https://noembed.com/favicon/YouTube.png\"></td>\n        <td>YouTube</td>\n        <td align=\"right\">\n          <a title=\"https://www.youtube.com/watch?v=xEZx5S_M8oY\" href=\"https://www.youtube.com/watch?v=xEZx5S_M8oY\">https://www.youtube.com/watch?v=xEZx5S_M8oY</a>\n        </td>\n      </tr>\n    </table>\n  </div>\n</div>\n",
            "provider_name": "YouTube",
            "thumbnail": "https://i.ytimg.com/vi/xEZx5S_M8oY/hqdefault.jpg",
            "title": "How to keep a leg cast, wound, dressing  or drain dry with the SHOWER BOOT",
            "updated": "2016-06-28T21:15:27.329Z",
            "url": "https://www.youtube.com/watch?v=xEZx5S_M8oY"
        },
        "model": "l8pr.item",
        "pk": 252
    },
    {
        "fields": {
            "added": "2016-06-28T21:15:27.358Z",
            "author_name": "Devine Lu Linvega",
            "description": null,
            "duration": 296,
            "html": "\n<div class=\"noembed-embed \">\n  <div class=\"noembed-wrapper\">\n    \n<div class=\"noembed-embed-inner noembed-youtube\">\n  \n<iframe width=\" 480\" height=\"270\" src=\"https://www.youtube.com/embed/sUvKDi-cFng?feature=oembed\" frameborder=\"0\" allowfullscreen></iframe>\n\n</div>\n\n    <table class=\"noembed-meta-info\">\n      <tr>\n        <td class=\"favicon\"><img src=\"https://noembed.com/favicon/YouTube.png\"></td>\n        <td>YouTube</td>\n        <td align=\"right\">\n          <a title=\"https://www.youtube.com/watch?v=sUvKDi-cFng\" href=\"https://www.youtube.com/watch?v=sUvKDi-cFng\">https://www.youtube.com/watch?v=sUvKDi-cFng</a>\n        </td>\n      </tr>\n    </table>\n  </div>\n</div>\n",
            "provider_name": "YouTube",
            "thumbnail": "https://i.ytimg.com/vi/sUvKDi-cFng/hqdefault.jpg",
            "title": "Purgateus - Proteus Mod",
            "updated": "2016-06-28T21:15:27.358Z",
            "url": "https://www.youtube.com/watch?v=sUvKDi-cFng"
        },
        "model": "l8pr.item",
        "pk": 253
    },
    {
        "fields": {
            "added": "2016-06-28T21:15:27.383Z",
            "author_name": "Benjamin Etco",
            "description": null,
            "duration": 19,
            "html": "\n<div class=\"noembed-embed \">\n  <div class=\"noembed-wrapper\">\n    \n<div class=\"noembed-embed-inner noembed-youtube\">\n  \n<iframe width=\" 480\" height=\"270\" src=\"https://www.youtube.com/embed/ZUADfG-wqbA?feature=oembed\" frameborder=\"0\" allowfullscreen></iframe>\n\n</div>\n\n    <table class=\"noembed-meta-info\">\n      <tr>\n        <td class=\"favicon\"><img src=\"https://noembed.com/favicon/YouTube.png\"></td>\n        <td>YouTube</td>\n        <td align=\"right\">\n          <a title=\"https://www.youtube.com/watch?v=ZUADfG-wqbA\" href=\"https://www.youtube.com/watch?v=ZUADfG-wqbA\">https://www.youtube.com/watch?v=ZUADfG-wqbA</a>\n        </td>\n      </tr>\n    </table>\n  </div>\n</div>\n",
            "provider_name": "YouTube",
            "thumbnail": "https://i.ytimg.com/vi/ZUADfG-wqbA/hqdefault.jpg",
            "title": "Indoor Homemade Skatepark",
            "updated": "2016-06-28T21:15:27.383Z",
            "url": "https://www.youtube.com/watch?v=ZUADfG-wqbA"
        },
        "model": "l8pr.item",
        "pk": 254
    },
    {
        "fields": {
            "added": "2016-06-28T21:15:27.408Z",
            "author_name": "Benjamin Etco",
            "description": null,
            "duration": 121,
            "html": "\n<div class=\"noembed-embed \">\n  <div class=\"noembed-wrapper\">\n    \n<div class=\"noembed-embed-inner noembed-youtube\">\n  \n<iframe width=\" 480\" height=\"270\" src=\"https://www.youtube.com/embed/6pHIaM682zY?feature=oembed\" frameborder=\"0\" allowfullscreen></iframe>\n\n</div>\n\n    <table class=\"noembed-meta-info\">\n      <tr>\n        <td class=\"favicon\"><img src=\"https://noembed.com/favicon/YouTube.png\"></td>\n        <td>YouTube</td>\n        <td align=\"right\">\n          <a title=\"https://youtu.be/6pHIaM682zY\" href=\"https://youtu.be/6pHIaM682zY\">https://youtu.be/6pHIaM682zY</a>\n        </td>\n      </tr>\n    </table>\n  </div>\n</div>\n",
            "provider_name": "YouTube",
            "thumbnail": "https://i.ytimg.com/vi/6pHIaM682zY/hqdefault.jpg",
            "title": "SlideShow2",
            "updated": "2016-06-28T21:15:27.409Z",
            "url": "https://youtu.be/6pHIaM682zY"
        },
        "model": "l8pr.item",
        "pk": 255
    },
    {
        "fields": {
            "added": "2016-06-28T21:15:27.441Z",
            "author_name": "bepsdwardo",
            "description": null,
            "duration": 276,
            "html": "\n<div class=\"noembed-embed \">\n  <div class=\"noembed-wrapper\">\n    \n<div class=\"noembed-embed-inner noembed-youtube\">\n  \n<iframe width=\" 480\" height=\"270\" src=\"https://www.youtube.com/embed/Bp9brL8NLHA?feature=oembed&amp;start=12\" frameborder=\"0\" allowfullscreen></iframe>\n\n</div>\n\n    <table class=\"noembed-meta-info\">\n      <tr>\n        <td class=\"favicon\"><img src=\"https://noembed.com/favicon/YouTube.png\"></td>\n        <td>YouTube</td>\n        <td align=\"right\">\n          <a title=\"https://youtu.be/Bp9brL8NLHA?t=12s\" href=\"https://youtu.be/Bp9brL8NLHA?t=12s\">https://youtu.be/Bp9brL8NLHA?t=12s</a>\n        </td>\n      </tr>\n    </table>\n  </div>\n</div>\n",
            "provider_name": "YouTube",
            "thumbnail": "https://i.ytimg.com/vi/Bp9brL8NLHA/hqdefault.jpg",
            "title": "Du Hoang Ho au Yang Tse Kiang (skip to s)",
            "updated": "2016-06-28T21:15:27.441Z",
            "url": "https://youtu.be/Bp9brL8NLHA?t=12s"
        },
        "model": "l8pr.item",
        "pk": 256
    },
    {
        "fields": {
            "added": "2016-06-28T21:15:27.470Z",
            "author_name": "Stephane Rituit",
            "description": null,
            "duration": 100,
            "html": "\n<div class=\"noembed-embed \">\n  <div class=\"noembed-wrapper\">\n    \n<div class=\"noembed-embed-inner noembed-youtube\">\n  \n<iframe width=\" 480\" height=\"270\" src=\"https://www.youtube.com/embed/xEC3WPzhGko?feature=oembed\" frameborder=\"0\" allowfullscreen></iframe>\n\n</div>\n\n    <table class=\"noembed-meta-info\">\n      <tr>\n        <td class=\"favicon\"><img src=\"https://noembed.com/favicon/YouTube.png\"></td>\n        <td>YouTube</td>\n        <td align=\"right\">\n          <a title=\"https://www.youtube.com/watch?v=xEC3WPzhGko\" href=\"https://www.youtube.com/watch?v=xEC3WPzhGko\">https://www.youtube.com/watch?v=xEC3WPzhGko</a>\n        </td>\n      </tr>\n    </table>\n  </div>\n</div>\n",
            "provider_name": "YouTube",
            "thumbnail": "https://i.ytimg.com/vi/xEC3WPzhGko/hqdefault.jpg",
            "title": "Un singe en hiver: l'ivresse",
            "updated": "2016-06-28T21:15:27.470Z",
            "url": "https://www.youtube.com/watch?v=xEC3WPzhGko"
        },
        "model": "l8pr.item",
        "pk": 257
    },
    {
        "fields": {
            "added": "2016-06-28T21:15:27.498Z",
            "author_name": "Safa Safaup",
            "description": null,
            "duration": 230,
            "html": "\n<div class=\"noembed-embed \">\n  <div class=\"noembed-wrapper\">\n    \n<div class=\"noembed-embed-inner noembed-youtube\">\n  \n<iframe width=\" 459\" height=\"344\" src=\"https://www.youtube.com/embed/5IJte841c4A?feature=oembed\" frameborder=\"0\" allowfullscreen></iframe>\n\n</div>\n\n    <table class=\"noembed-meta-info\">\n      <tr>\n        <td class=\"favicon\"><img src=\"https://noembed.com/favicon/YouTube.png\"></td>\n        <td>YouTube</td>\n        <td align=\"right\">\n          <a title=\"https://www.youtube.com/watch?v=5IJte841c4A\" href=\"https://www.youtube.com/watch?v=5IJte841c4A\">https://www.youtube.com/watch?v=5IJte841c4A</a>\n        </td>\n      </tr>\n    </table>\n  </div>\n</div>\n",
            "provider_name": "YouTube",
            "thumbnail": "https://i.ytimg.com/vi/5IJte841c4A/hqdefault.jpg",
            "title": "The Story Of Bow & Arrow Marina Abramovic\u0301\ufeff",
            "updated": "2016-06-28T21:15:27.498Z",
            "url": "https://www.youtube.com/watch?v=5IJte841c4A"
        },
        "model": "l8pr.item",
        "pk": 258
    },
    {
        "fields": {
            "added": "2016-06-28T21:15:27.525Z",
            "author_name": "avigdor samuel jimenez rendon",
            "description": null,
            "duration": 335,
            "html": "\n<div class=\"noembed-embed \">\n  <div class=\"noembed-wrapper\">\n    \n<div class=\"noembed-embed-inner noembed-youtube\">\n  \n<iframe width=\" 480\" height=\"270\" src=\"https://www.youtube.com/embed/UqOOZux5sPE?feature=oembed\" frameborder=\"0\" allowfullscreen></iframe>\n\n</div>\n\n    <table class=\"noembed-meta-info\">\n      <tr>\n        <td class=\"favicon\"><img src=\"https://noembed.com/favicon/YouTube.png\"></td>\n        <td>YouTube</td>\n        <td align=\"right\">\n          <a title=\"https://www.youtube.com/watch?v=UqOOZux5sPE\" href=\"https://www.youtube.com/watch?v=UqOOZux5sPE\">https://www.youtube.com/watch?v=UqOOZux5sPE</a>\n        </td>\n      </tr>\n    </table>\n  </div>\n</div>\n",
            "provider_name": "YouTube",
            "thumbnail": "https://i.ytimg.com/vi/UqOOZux5sPE/hqdefault.jpg",
            "title": "2001: A Space Odyssey-Strauss",
            "updated": "2016-06-28T21:15:27.525Z",
            "url": "https://www.youtube.com/watch?v=UqOOZux5sPE"
        },
        "model": "l8pr.item",
        "pk": 259
    },
    {
        "fields": {
            "added": "2016-06-28T21:15:27.548Z",
            "author_name": "NOWNESS",
            "description": null,
            "duration": 258,
            "html": "\n<div class=\"noembed-embed \">\n  <div class=\"noembed-wrapper\">\n    \n<div class=\"noembed-embed-inner noembed-youtube\">\n  \n<iframe width=\" 480\" height=\"270\" src=\"https://www.youtube.com/embed/7ooW3hp7og4?feature=oembed\" frameborder=\"0\" allowfullscreen></iframe>\n\n</div>\n\n    <table class=\"noembed-meta-info\">\n      <tr>\n        <td class=\"favicon\"><img src=\"https://noembed.com/favicon/YouTube.png\"></td>\n        <td>YouTube</td>\n        <td align=\"right\">\n          <a title=\"https://www.youtube.com/watch?v=7ooW3hp7og4\" href=\"https://www.youtube.com/watch?v=7ooW3hp7og4\">https://www.youtube.com/watch?v=7ooW3hp7og4</a>\n        </td>\n      </tr>\n    </table>\n  </div>\n</div>\n",
            "provider_name": "YouTube",
            "thumbnail": "https://i.ytimg.com/vi/7ooW3hp7og4/hqdefault.jpg",
            "title": "#DefineBeauty Pt 3: Sexual impulse under the microscope in \"Cr\u00e8me Caramel\"",
            "updated": "2016-06-28T21:15:27.548Z",
            "url": "https://www.youtube.com/watch?v=7ooW3hp7og4"
        },
        "model": "l8pr.item",
        "pk": 260
    },
    {
        "fields": {
            "added": "2016-06-28T21:15:27.573Z",
            "author_name": "bitlength",
            "description": null,
            "duration": 346,
            "html": null,
            "provider_name": "YouTube",
            "thumbnail": "https://i.ytimg.com/vi/7vvM-MBiddY/hqdefault.jpg",
            "title": "Daft Punk's Electroma opening scene.",
            "updated": "2016-06-28T21:15:27.573Z",
            "url": "https://www.youtube.com/watch?v=7vvM-MBiddY"
        },
        "model": "l8pr.item",
        "pk": 261
    },
    {
        "fields": {
            "added": "2016-06-28T21:15:27.605Z",
            "author_name": "NeroRush23",
            "description": null,
            "duration": 776,
            "html": "\n<div class=\"noembed-embed \">\n  <div class=\"noembed-wrapper\">\n    \n<div class=\"noembed-embed-inner noembed-youtube\">\n  \n<iframe width=\" 480\" height=\"270\" src=\"https://www.youtube.com/embed/M5QD-32MCv4?feature=oembed\" frameborder=\"0\" allowfullscreen></iframe>\n\n</div>\n\n    <table class=\"noembed-meta-info\">\n      <tr>\n        <td class=\"favicon\"><img src=\"https://noembed.com/favicon/YouTube.png\"></td>\n        <td>YouTube</td>\n        <td align=\"right\">\n          <a title=\"https://www.youtube.com/watch?v=M5QD-32MCv4\" href=\"https://www.youtube.com/watch?v=M5QD-32MCv4\">https://www.youtube.com/watch?v=M5QD-32MCv4</a>\n        </td>\n      </tr>\n    </table>\n  </div>\n</div>\n",
            "provider_name": "YouTube",
            "thumbnail": "https://i.ytimg.com/vi/M5QD-32MCv4/hqdefault.jpg",
            "title": "Albert Camus - Discours de r\u00e9ception du prix Nobel, 1957",
            "updated": "2016-06-28T21:15:27.605Z",
            "url": "https://www.youtube.com/watch?v=M5QD-32MCv4"
        },
        "model": "l8pr.item",
        "pk": 262
    },
    {
        "fields": {
            "added": "2016-06-28T21:15:27.635Z",
            "author_name": "simonethedog",
            "description": null,
            "duration": 853,
            "html": null,
            "provider_name": "YouTube",
            "thumbnail": "https://i.ytimg.com/vi/hWY0PYjkX-A/hqdefault.jpg",
            "title": "1972-EXPANSION by Toshio Matsumoto.avi",
            "updated": "2016-06-28T21:15:27.635Z",
            "url": "https://www.youtube.com/watch?v=hWY0PYjkX-A"
        },
        "model": "l8pr.item",
        "pk": 263
    },
    {
        "fields": {
            "added": "2016-06-28T21:15:27.669Z",
            "author_name": "Usine C Montr\u00e9al",
            "description": null,
            "duration": 170,
            "html": "\n<div class=\"noembed-embed \">\n  <div class=\"noembed-wrapper\">\n    \n<div class=\"noembed-embed-inner noembed-youtube\">\n  \n<iframe width=\" 480\" height=\"270\" src=\"https://www.youtube.com/embed/qAYAuJ9dIlE?feature=oembed\" frameborder=\"0\" allowfullscreen></iframe>\n\n</div>\n\n    <table class=\"noembed-meta-info\">\n      <tr>\n        <td class=\"favicon\"><img src=\"https://noembed.com/favicon/YouTube.png\"></td>\n        <td>YouTube</td>\n        <td align=\"right\">\n          <a title=\"https://www.youtube.com/watch?v=qAYAuJ9dIlE\" href=\"https://www.youtube.com/watch?v=qAYAuJ9dIlE\">https://www.youtube.com/watch?v=qAYAuJ9dIlE</a>\n        </td>\n      </tr>\n    </table>\n  </div>\n</div>\n",
            "provider_name": "YouTube",
            "thumbnail": "https://i.ytimg.com/vi/qAYAuJ9dIlE/hqdefault.jpg",
            "title": "HAKANAI de Adrien M / Claire B | TEMPS D'IMAGES - 04, 05 avril 2014 \u00e0 20h30, Usine C",
            "updated": "2016-06-28T21:15:27.669Z",
            "url": "https://www.youtube.com/watch?v=qAYAuJ9dIlE"
        },
        "model": "l8pr.item",
        "pk": 264
    },
    {
        "fields": {
            "added": "2016-06-28T21:15:27.691Z",
            "author_name": "JOnas3MokaQ",
            "description": null,
            "duration": 392,
            "html": null,
            "provider_name": "YouTube",
            "thumbnail": "https://i.ytimg.com/vi/1GFkN4deuZU/hqdefault.jpg",
            "title": "Walt Disney's & Salvador Dali - Destino 2003 (HD 1080p)",
            "updated": "2016-06-28T21:15:27.691Z",
            "url": "https://youtu.be/1GFkN4deuZU"
        },
        "model": "l8pr.item",
        "pk": 265
    },
    {
        "fields": {
            "added": "2016-06-28T21:15:27.716Z",
            "author_name": "CineFix",
            "description": null,
            "duration": 201,
            "html": "\n<div class=\"noembed-embed \">\n  <div class=\"noembed-wrapper\">\n    \n<div class=\"noembed-embed-inner noembed-youtube\">\n  \n<iframe width=\" 480\" height=\"270\" src=\"https://www.youtube.com/embed/jhkQOj_kkMU?feature=oembed\" frameborder=\"0\" allowfullscreen></iframe>\n\n</div>\n\n    <table class=\"noembed-meta-info\">\n      <tr>\n        <td class=\"favicon\"><img src=\"https://noembed.com/favicon/YouTube.png\"></td>\n        <td>YouTube</td>\n        <td align=\"right\">\n          <a title=\"https://www.youtube.com/watch?v=jhkQOj_kkMU\" href=\"https://www.youtube.com/watch?v=jhkQOj_kkMU\">https://www.youtube.com/watch?v=jhkQOj_kkMU</a>\n        </td>\n      </tr>\n    </table>\n  </div>\n</div>\n",
            "provider_name": "YouTube",
            "thumbnail": "https://i.ytimg.com/vi/jhkQOj_kkMU/hqdefault.jpg",
            "title": "Princess Mononoke - 8 Bit Cinema",
            "updated": "2016-06-28T21:15:27.716Z",
            "url": "https://www.youtube.com/watch?v=jhkQOj_kkMU"
        },
        "model": "l8pr.item",
        "pk": 266
    },
    {
        "fields": {
            "added": "2016-06-28T21:15:27.747Z",
            "author_name": "fireurgunz",
            "description": null,
            "duration": 524,
            "html": "\n<div class=\"noembed-embed \">\n  <div class=\"noembed-wrapper\">\n    \n<div class=\"noembed-embed-inner noembed-youtube\">\n  \n<iframe width=\" 459\" height=\"344\" src=\"https://www.youtube.com/embed/MYEmL0d0lZE?feature=oembed\" frameborder=\"0\" allowfullscreen></iframe>\n\n</div>\n\n    <table class=\"noembed-meta-info\">\n      <tr>\n        <td class=\"favicon\"><img src=\"https://noembed.com/favicon/YouTube.png\"></td>\n        <td>YouTube</td>\n        <td align=\"right\">\n          <a title=\"https://www.youtube.com/watch?v=MYEmL0d0lZE\" href=\"https://www.youtube.com/watch?v=MYEmL0d0lZE\">https://www.youtube.com/watch?v=MYEmL0d0lZE</a>\n        </td>\n      </tr>\n    </table>\n  </div>\n</div>\n",
            "provider_name": "YouTube",
            "thumbnail": "https://i.ytimg.com/vi/MYEmL0d0lZE/hqdefault.jpg",
            "title": "Walt Disney's The Old Mill (1937)",
            "updated": "2016-06-28T21:15:27.747Z",
            "url": "https://www.youtube.com/watch?v=MYEmL0d0lZE"
        },
        "model": "l8pr.item",
        "pk": 267
    },
    {
        "fields": {
            "added": "2016-06-28T21:15:27.771Z",
            "author_name": "The CGBros",
            "description": null,
            "duration": 5,
            "html": "\n<div class=\"noembed-embed \">\n  <div class=\"noembed-wrapper\">\n    \n<div class=\"noembed-embed-inner noembed-youtube\">\n  \n<iframe width=\" 480\" height=\"270\" src=\"https://www.youtube.com/embed/Rk0snQAY5Ws?feature=oembed\" frameborder=\"0\" allowfullscreen></iframe>\n\n</div>\n\n    <table class=\"noembed-meta-info\">\n      <tr>\n        <td class=\"favicon\"><img src=\"https://noembed.com/favicon/YouTube.png\"></td>\n        <td>YouTube</td>\n        <td align=\"right\">\n          <a title=\"https://www.youtube.com/watch?v=Rk0snQAY5Ws\" href=\"https://www.youtube.com/watch?v=Rk0snQAY5Ws\">https://www.youtube.com/watch?v=Rk0snQAY5Ws</a>\n        </td>\n      </tr>\n    </table>\n  </div>\n</div>\n",
            "provider_name": "YouTube",
            "thumbnail": "https://i.ytimg.com/vi/Rk0snQAY5Ws/hqdefault.jpg",
            "title": "CGI Tech Demo HD: \"Unamed Sound Sculpture\" by - Onformative",
            "updated": "2016-06-28T21:15:27.771Z",
            "url": "https://www.youtube.com/watch?v=Rk0snQAY5Ws"
        },
        "model": "l8pr.item",
        "pk": 268
    },
    {
        "fields": {
            "added": "2016-06-28T21:15:27.798Z",
            "author_name": "J. DTRTR",
            "description": null,
            "duration": 14,
            "html": null,
            "provider_name": "YouTube",
            "thumbnail": "https://i.ytimg.com/vi/BFNsryD1dYA/hqdefault.jpg",
            "title": "PASTESTRUDER V0.1 first print",
            "updated": "2016-06-28T21:15:27.798Z",
            "url": "https://www.youtube.com/watch?v=BFNsryD1dYA"
        },
        "model": "l8pr.item",
        "pk": 269
    },
    {
        "fields": {
            "added": "2016-06-28T21:15:27.829Z",
            "author_name": "jamie Harley",
            "description": null,
            "duration": 315,
            "html": null,
            "provider_name": "YouTube",
            "thumbnail": "https://i.ytimg.com/vi/lCZMmKV34Z0/hqdefault.jpg",
            "title": "Koudlam : 'Alcoholic's Hymn'",
            "updated": "2016-06-28T21:15:27.829Z",
            "url": "https://www.youtube.com/watch?v=lCZMmKV34Z0"
        },
        "model": "l8pr.item",
        "pk": 270
    },
    {
        "fields": {
            "added": "2016-06-28T21:15:27.867Z",
            "author_name": "Duncan Malashock",
            "description": null,
            "duration": 133,
            "html": null,
            "provider_name": "YouTube",
            "thumbnail": "https://i.ytimg.com/vi/McPVjc6xVT8/hqdefault.jpg",
            "title": "Magic Square",
            "updated": "2016-06-28T21:15:27.867Z",
            "url": "https://youtu.be/McPVjc6xVT8"
        },
        "model": "l8pr.item",
        "pk": 271
    },
    {
        "fields": {
            "added": "2016-06-28T21:15:27.898Z",
            "author_name": "Duncan Malashock",
            "description": null,
            "duration": 82,
            "html": null,
            "provider_name": "YouTube",
            "thumbnail": "https://i.ytimg.com/vi/XpTCfnL2bsg/hqdefault.jpg",
            "title": "Temple",
            "updated": "2016-06-28T21:15:27.898Z",
            "url": "https://youtu.be/XpTCfnL2bsg"
        },
        "model": "l8pr.item",
        "pk": 272
    },
    {
        "fields": {
            "added": "2016-06-28T21:15:30.458Z",
            "author_name": "Parker Lewis 1990",
            "description": null,
            "duration": 1462,
            "html": "\n<div class=\"noembed-embed \">\n  <div class=\"noembed-wrapper\">\n    \n<div class=\"noembed-embed-inner noembed-youtube\">\n  \n<iframe width=\" 480\" height=\"270\" src=\"https://www.youtube.com/embed/fVwGaELhXJE?feature=oembed\" frameborder=\"0\" allowfullscreen></iframe>\n\n</div>\n\n    <table class=\"noembed-meta-info\">\n      <tr>\n        <td class=\"favicon\"><img src=\"https://noembed.com/favicon/YouTube.png\"></td>\n        <td>YouTube</td>\n        <td align=\"right\">\n          <a title=\"https://www.youtube.com/watch?v=fVwGaELhXJE\" href=\"https://www.youtube.com/watch?v=fVwGaELhXJE\">https://www.youtube.com/watch?v=fVwGaELhXJE</a>\n        </td>\n      </tr>\n    </table>\n  </div>\n</div>\n",
            "provider_name": "YouTube",
            "thumbnail": "https://i.ytimg.com/vi/fVwGaELhXJE/hqdefault.jpg",
            "title": "Parker Lewis full series season 1 episode 10 - Parker Lewis 1990 new HD",
            "updated": "2016-06-28T21:15:30.458Z",
            "url": "https://www.youtube.com/watch?v=fVwGaELhXJE"
        },
        "model": "l8pr.item",
        "pk": 319
    },
    {
        "fields": {
            "added": "2016-06-28T21:15:34.014Z",
            "author_name": "myfairjoker",
            "description": null,
            "duration": 189,
            "html": "\n<div class=\"noembed-embed \">\n  <div class=\"noembed-wrapper\">\n    \n<div class=\"noembed-embed-inner noembed-youtube\">\n  \n<iframe width=\" 459\" height=\"344\" src=\"https://www.youtube.com/embed/MukeH1hWrxY?feature=oembed\" frameborder=\"0\" allowfullscreen></iframe>\n\n</div>\n\n    <table class=\"noembed-meta-info\">\n      <tr>\n        <td class=\"favicon\"><img src=\"https://noembed.com/favicon/YouTube.png\"></td>\n        <td>YouTube</td>\n        <td align=\"right\">\n          <a title=\"https://www.youtube.com/watch?v=MukeH1hWrxY\" href=\"https://www.youtube.com/watch?v=MukeH1hWrxY\">https://www.youtube.com/watch?v=MukeH1hWrxY</a>\n        </td>\n      </tr>\n    </table>\n  </div>\n</div>\n",
            "provider_name": "YouTube",
            "thumbnail": "https://i.ytimg.com/vi/MukeH1hWrxY/hqdefault.jpg",
            "title": "Serge Gainsbourg - Ecce homo (Live) - 1981",
            "updated": "2016-06-28T21:15:34.014Z",
            "url": "https://www.youtube.com/watch?v=MukeH1hWrxY"
        },
        "model": "l8pr.item",
        "pk": 402
    },
    {
        "fields": {
            "added": "2016-06-28T21:15:34.111Z",
            "author_name": "celipat56",
            "description": null,
            "duration": 681,
            "html": "\n<div class=\"noembed-embed \">\n  <div class=\"noembed-wrapper\">\n    \n<div class=\"noembed-embed-inner noembed-youtube\">\n  \n<iframe width=\" 459\" height=\"344\" src=\"https://www.youtube.com/embed/A23FoIaZf7g?feature=oembed\" frameborder=\"0\" allowfullscreen></iframe>\n\n</div>\n\n    <table class=\"noembed-meta-info\">\n      <tr>\n        <td class=\"favicon\"><img src=\"https://noembed.com/favicon/YouTube.png\"></td>\n        <td>YouTube</td>\n        <td align=\"right\">\n          <a title=\"https://www.youtube.com/watch?v=A23FoIaZf7g\" href=\"https://www.youtube.com/watch?v=A23FoIaZf7g\">https://www.youtube.com/watch?v=A23FoIaZf7g</a>\n        </td>\n      </tr>\n    </table>\n  </div>\n</div>\n",
            "provider_name": "YouTube",
            "thumbnail": "https://i.ytimg.com/vi/A23FoIaZf7g/hqdefault.jpg",
            "title": "Serge Gainsbourg et etienne Daho",
            "updated": "2016-06-28T21:15:34.111Z",
            "url": "https://www.youtube.com/watch?v=A23FoIaZf7g"
        },
        "model": "l8pr.item",
        "pk": 403
    },
    {
        "fields": {
            "added": "2016-06-28T21:15:34.209Z",
            "author_name": "KOOL SHY Productions",
            "description": null,
            "duration": 201,
            "html": "\n<div class=\"noembed-embed \">\n  <div class=\"noembed-wrapper\">\n    \n<div class=\"noembed-embed-inner noembed-soundcloud\">\n  <iframe width=\"100%\" height=\"400\" scrolling=\"no\" frameborder=\"no\" src=\"https://w.soundcloud.com/player/?visual=true&url=http%3A%2F%2Fapi.soundcloud.com%2Ftracks%2F221870589&show_artwork=true\"></iframe>\n</div>\n\n    <table class=\"noembed-meta-info\">\n      <tr>\n        <td class=\"favicon\"><img src=\"https://noembed.com/favicon/SoundCloud.png\"></td>\n        <td>SoundCloud</td>\n        <td align=\"right\">\n          <a title=\"https://soundcloud.com/kool-shy-productions/ennui-mineur\" href=\"https://soundcloud.com/kool-shy-productions/ennui-mineur\">https://soundcloud.com/kool-shy-productions/ennui-</a>\n        </td>\n      </tr>\n    </table>\n  </div>\n</div>\n",
            "provider_name": "SoundCloud",
            "thumbnail": "http://i1.sndcdn.com/artworks-000135009144-2avnbx-t500x500.jpg",
            "title": "Ennui Mineur by KOOL SHY Productions",
            "updated": "2016-06-28T21:15:34.209Z",
            "url": "https://soundcloud.com/kool-shy-productions/ennui-mineur"
        },
        "model": "l8pr.item",
        "pk": 404
    },
    {
        "fields": {
            "added": "2016-06-28T21:15:34.276Z",
            "author_name": "FRED lagonbleu",
            "description": null,
            "duration": 139,
            "html": "\n<div class=\"noembed-embed \">\n  <div class=\"noembed-wrapper\">\n    \n<div class=\"noembed-embed-inner noembed-youtube\">\n  \n<iframe width=\" 459\" height=\"344\" src=\"https://www.youtube.com/embed/zjpDtcHS7Sg?feature=oembed\" frameborder=\"0\" allowfullscreen></iframe>\n\n</div>\n\n    <table class=\"noembed-meta-info\">\n      <tr>\n        <td class=\"favicon\"><img src=\"https://noembed.com/favicon/YouTube.png\"></td>\n        <td>YouTube</td>\n        <td align=\"right\">\n          <a title=\"https://www.youtube.com/watch?v=zjpDtcHS7Sg\" href=\"https://www.youtube.com/watch?v=zjpDtcHS7Sg\">https://www.youtube.com/watch?v=zjpDtcHS7Sg</a>\n        </td>\n      </tr>\n    </table>\n  </div>\n</div>\n",
            "provider_name": "YouTube",
            "thumbnail": "https://i.ytimg.com/vi/zjpDtcHS7Sg/hqdefault.jpg",
            "title": "Serge Gainsbourg - L'anamour \u266b",
            "updated": "2016-06-28T21:15:34.276Z",
            "url": "https://www.youtube.com/watch?v=zjpDtcHS7Sg"
        },
        "model": "l8pr.item",
        "pk": 405
    },
    {
        "fields": {
            "added": "2016-06-28T21:15:34.337Z",
            "author_name": "Hits70s",
            "description": null,
            "duration": 254,
            "html": "\n<div class=\"noembed-embed \">\n  <div class=\"noembed-wrapper\">\n    \n<div class=\"noembed-embed-inner noembed-youtube\">\n  \n<iframe width=\" 459\" height=\"344\" src=\"https://www.youtube.com/embed/dY9PY4r83p8?feature=oembed\" frameborder=\"0\" allowfullscreen></iframe>\n\n</div>\n\n    <table class=\"noembed-meta-info\">\n      <tr>\n        <td class=\"favicon\"><img src=\"https://noembed.com/favicon/YouTube.png\"></td>\n        <td>YouTube</td>\n        <td align=\"right\">\n          <a title=\"https://www.youtube.com/watch?v=dY9PY4r83p8\" href=\"https://www.youtube.com/watch?v=dY9PY4r83p8\">https://www.youtube.com/watch?v=dY9PY4r83p8</a>\n        </td>\n      </tr>\n    </table>\n  </div>\n</div>\n",
            "provider_name": "YouTube",
            "thumbnail": "https://i.ytimg.com/vi/dY9PY4r83p8/hqdefault.jpg",
            "title": "Serge Gainsbourg & Brigitte Bardot - Bonnie And Clyde (1968)",
            "updated": "2016-06-28T21:15:34.337Z",
            "url": "https://www.youtube.com/watch?v=dY9PY4r83p8"
        },
        "model": "l8pr.item",
        "pk": 406
    },
    {
        "fields": {
            "added": "2016-06-28T21:15:34.418Z",
            "author_name": "Mildy Forbes",
            "description": null,
            "duration": 313,
            "html": "\n<div class=\"noembed-embed \">\n  <div class=\"noembed-wrapper\">\n    \n<div class=\"noembed-embed-inner noembed-soundcloud\">\n  <iframe width=\"100%\" height=\"400\" scrolling=\"no\" frameborder=\"no\" src=\"https://w.soundcloud.com/player/?visual=true&url=http%3A%2F%2Fapi.soundcloud.com%2Ftracks%2F4739266&show_artwork=true\"></iframe>\n</div>\n\n    <table class=\"noembed-meta-info\">\n      <tr>\n        <td class=\"favicon\"><img src=\"https://noembed.com/favicon/SoundCloud.png\"></td>\n        <td>SoundCloud</td>\n        <td align=\"right\">\n          <a title=\"https://soundcloud.com/mildy-forbes/la-decadanse-by-serge-gainsbourg\" href=\"https://soundcloud.com/mildy-forbes/la-decadanse-by-serge-gainsbourg\">https://soundcloud.com/mildy-forbes/la-decadanse-b</a>\n        </td>\n      </tr>\n    </table>\n  </div>\n</div>\n",
            "provider_name": "SoundCloud",
            "thumbnail": "http://i1.sndcdn.com/artworks-000002141698-a9hhp3-t500x500.jpg",
            "title": "La d\u00e9cadanse by Serge Gainsbourg by Mildy Forbes",
            "updated": "2016-06-28T21:15:34.418Z",
            "url": "https://soundcloud.com/mildy-forbes/la-decadanse-by-serge-gainsbourg"
        },
        "model": "l8pr.item",
        "pk": 407
    },
    {
        "fields": {
            "added": "2016-06-28T21:15:34.469Z",
            "author_name": "asefthukom",
            "description": null,
            "duration": 134,
            "html": "\n<div class=\"noembed-embed \">\n  <div class=\"noembed-wrapper\">\n    \n<div class=\"noembed-embed-inner noembed-youtube\">\n  \n<iframe width=\" 459\" height=\"344\" src=\"https://www.youtube.com/embed/iSA8wIGaENA?feature=oembed\" frameborder=\"0\" allowfullscreen></iframe>\n\n</div>\n\n    <table class=\"noembed-meta-info\">\n      <tr>\n        <td class=\"favicon\"><img src=\"https://noembed.com/favicon/YouTube.png\"></td>\n        <td>YouTube</td>\n        <td align=\"right\">\n          <a title=\"https://www.youtube.com/watch?v=iSA8wIGaENA\" href=\"https://www.youtube.com/watch?v=iSA8wIGaENA\">https://www.youtube.com/watch?v=iSA8wIGaENA</a>\n        </td>\n      </tr>\n    </table>\n  </div>\n</div>\n",
            "provider_name": "YouTube",
            "thumbnail": "https://i.ytimg.com/vi/iSA8wIGaENA/hqdefault.jpg",
            "title": "Gainsbourg - All the things you are",
            "updated": "2016-06-28T21:15:34.470Z",
            "url": "https://www.youtube.com/watch?v=iSA8wIGaENA"
        },
        "model": "l8pr.item",
        "pk": 408
    },
    {
        "fields": {
            "added": "2016-06-28T21:15:34.522Z",
            "author_name": "WhynotPossible",
            "description": null,
            "duration": 722,
            "html": "\n<div class=\"noembed-embed \">\n  <div class=\"noembed-wrapper\">\n    \n<div class=\"noembed-embed-inner noembed-youtube\">\n  \n<iframe width=\" 459\" height=\"344\" src=\"https://www.youtube.com/embed/yACQ2gbndvQ?feature=oembed\" frameborder=\"0\" allowfullscreen></iframe>\n\n</div>\n\n    <table class=\"noembed-meta-info\">\n      <tr>\n        <td class=\"favicon\"><img src=\"https://noembed.com/favicon/YouTube.png\"></td>\n        <td>YouTube</td>\n        <td align=\"right\">\n          <a title=\"https://www.youtube.com/watch?v=yACQ2gbndvQ\" href=\"https://www.youtube.com/watch?v=yACQ2gbndvQ\">https://www.youtube.com/watch?v=yACQ2gbndvQ</a>\n        </td>\n      </tr>\n    </table>\n  </div>\n</div>\n",
            "provider_name": "YouTube",
            "thumbnail": "https://i.ytimg.com/vi/yACQ2gbndvQ/hqdefault.jpg",
            "title": "Serge Gainsbourg - Interview - 1968",
            "updated": "2016-06-28T21:15:34.522Z",
            "url": "https://www.youtube.com/watch?v=yACQ2gbndvQ"
        },
        "model": "l8pr.item",
        "pk": 409
    },
    {
        "fields": {
            "added": "2016-06-28T21:15:34.559Z",
            "author_name": "TAKE A DRAG OR TWO",
            "description": null,
            "duration": 199,
            "html": "\n<div class=\"noembed-embed \">\n  <div class=\"noembed-wrapper\">\n    \n<div class=\"noembed-embed-inner noembed-soundcloud\">\n  <iframe width=\"100%\" height=\"400\" scrolling=\"no\" frameborder=\"no\" src=\"https://w.soundcloud.com/player/?visual=true&url=http%3A%2F%2Fapi.soundcloud.com%2Ftracks%2F4836045&show_artwork=true\"></iframe>\n</div>\n\n    <table class=\"noembed-meta-info\">\n      <tr>\n        <td class=\"favicon\"><img src=\"https://noembed.com/favicon/SoundCloud.png\"></td>\n        <td>SoundCloud</td>\n        <td align=\"right\">\n          <a title=\"https://soundcloud.com/take-a-drag-or-two/serge-gainsbourg-and-jane-birkin-69-annee-erotique\" href=\"https://soundcloud.com/take-a-drag-or-two/serge-gainsbourg-and-jane-birkin-69-annee-erotique\">https://soundcloud.com/take-a-drag-or-two/serge-ga</a>\n        </td>\n      </tr>\n    </table>\n  </div>\n</div>\n",
            "provider_name": "SoundCloud",
            "thumbnail": "http://a1.sndcdn.com/images/fb_placeholder.png?1447352542",
            "title": "Serge Gainsbourg and Jane Birkin- 69 Anne\u0301e E\u0301rotique by TAKE A DRAG OR TWO",
            "updated": "2016-06-28T21:15:34.559Z",
            "url": "https://soundcloud.com/take-a-drag-or-two/serge-gainsbourg-and-jane-birkin-69-annee-erotique"
        },
        "model": "l8pr.item",
        "pk": 410
    },
    {
        "fields": {
            "added": "2016-06-28T21:15:34.599Z",
            "author_name": "Decades",
            "description": null,
            "duration": 288,
            "html": "\n<div class=\"noembed-embed \">\n  <div class=\"noembed-wrapper\">\n    \n<div class=\"noembed-embed-inner noembed-soundcloud\">\n  <iframe width=\"100%\" height=\"400\" scrolling=\"no\" frameborder=\"no\" src=\"https://w.soundcloud.com/player/?visual=true&url=http%3A%2F%2Fapi.soundcloud.com%2Ftracks%2F96968992&show_artwork=true\"></iframe>\n</div>\n\n    <table class=\"noembed-meta-info\">\n      <tr>\n        <td class=\"favicon\"><img src=\"https://noembed.com/favicon/SoundCloud.png\"></td>\n        <td>SoundCloud</td>\n        <td align=\"right\">\n          <a title=\"https://soundcloud.com/decades/serge-gainsborough-je-taime\" href=\"https://soundcloud.com/decades/serge-gainsborough-je-taime\">https://soundcloud.com/decades/serge-gainsborough-</a>\n        </td>\n      </tr>\n    </table>\n  </div>\n</div>\n",
            "provider_name": "SoundCloud",
            "thumbnail": "http://i1.sndcdn.com/artworks-000050638195-x1jtlk-t500x500.jpg",
            "title": "Jane Birkin et Serge Gainsbourg - Je T'aime,...Moi Non Plus  dL edit by Decades",
            "updated": "2016-06-28T21:15:34.599Z",
            "url": "https://soundcloud.com/decades/serge-gainsborough-je-taime"
        },
        "model": "l8pr.item",
        "pk": 411
    },
    {
        "fields": {
            "added": "2016-06-28T21:15:34.623Z",
            "author_name": "Gainsbarr\u00e924",
            "description": null,
            "duration": 133,
            "html": "\n<div class=\"noembed-embed \">\n  <div class=\"noembed-wrapper\">\n    \n<div class=\"noembed-embed-inner noembed-youtube\">\n  \n<iframe width=\" 459\" height=\"344\" src=\"https://www.youtube.com/embed/C11QMm02kLY?feature=oembed\" frameborder=\"0\" allowfullscreen></iframe>\n\n</div>\n\n    <table class=\"noembed-meta-info\">\n      <tr>\n        <td class=\"favicon\"><img src=\"https://noembed.com/favicon/YouTube.png\"></td>\n        <td>YouTube</td>\n        <td align=\"right\">\n          <a title=\"https://www.youtube.com/watch?v=C11QMm02kLY\" href=\"https://www.youtube.com/watch?v=C11QMm02kLY\">https://www.youtube.com/watch?v=C11QMm02kLY</a>\n        </td>\n      </tr>\n    </table>\n  </div>\n</div>\n",
            "provider_name": "YouTube",
            "thumbnail": "https://i.ytimg.com/vi/C11QMm02kLY/hqdefault.jpg",
            "title": "SERGE GAINSBOURG   NY USA rare version 67",
            "updated": "2016-06-28T21:15:34.623Z",
            "url": "https://www.youtube.com/watch?v=C11QMm02kLY"
        },
        "model": "l8pr.item",
        "pk": 412
    },
    {
        "fields": {
            "added": "2016-06-28T21:15:34.648Z",
            "author_name": "pollutiongirl",
            "description": null,
            "duration": 183,
            "html": "\n<div class=\"noembed-embed \">\n  <div class=\"noembed-wrapper\">\n    \n<div class=\"noembed-embed-inner noembed-youtube\">\n  \n<iframe width=\" 480\" height=\"270\" src=\"https://www.youtube.com/embed/seLS8M3hK-c?feature=oembed\" frameborder=\"0\" allowfullscreen></iframe>\n\n</div>\n\n    <table class=\"noembed-meta-info\">\n      <tr>\n        <td class=\"favicon\"><img src=\"https://noembed.com/favicon/YouTube.png\"></td>\n        <td>YouTube</td>\n        <td align=\"right\">\n          <a title=\"https://www.youtube.com/watch?v=seLS8M3hK-c\" href=\"https://www.youtube.com/watch?v=seLS8M3hK-c\">https://www.youtube.com/watch?v=seLS8M3hK-c</a>\n        </td>\n      </tr>\n    </table>\n  </div>\n</div>\n",
            "provider_name": "YouTube",
            "thumbnail": "https://i.ytimg.com/vi/seLS8M3hK-c/hqdefault.jpg",
            "title": "Beck & Jane Birkin - L'anamour",
            "updated": "2016-06-28T21:15:34.648Z",
            "url": "https://www.youtube.com/watch?v=seLS8M3hK-c"
        },
        "model": "l8pr.item",
        "pk": 413
    },
    {
        "fields": {
            "added": "2016-06-28T21:15:34.685Z",
            "author_name": "John Keats",
            "description": null,
            "duration": 147,
            "html": "\n<div class=\"noembed-embed \">\n  <div class=\"noembed-wrapper\">\n    \n<div class=\"noembed-embed-inner noembed-youtube\">\n  \n<iframe width=\" 459\" height=\"344\" src=\"https://www.youtube.com/embed/OaX9srZVweA?feature=oembed\" frameborder=\"0\" allowfullscreen></iframe>\n\n</div>\n\n    <table class=\"noembed-meta-info\">\n      <tr>\n        <td class=\"favicon\"><img src=\"https://noembed.com/favicon/YouTube.png\"></td>\n        <td>YouTube</td>\n        <td align=\"right\">\n          <a title=\"https://www.youtube.com/watch?v=OaX9srZVweA\" href=\"https://www.youtube.com/watch?v=OaX9srZVweA\">https://www.youtube.com/watch?v=OaX9srZVweA</a>\n        </td>\n      </tr>\n    </table>\n  </div>\n</div>\n",
            "provider_name": "YouTube",
            "thumbnail": "https://i.ytimg.com/vi/OaX9srZVweA/hqdefault.jpg",
            "title": "Gainsbourg   La javanaise",
            "updated": "2016-06-28T21:15:34.685Z",
            "url": "https://www.youtube.com/watch?v=OaX9srZVweA"
        },
        "model": "l8pr.item",
        "pk": 414
    },
    {
        "fields": {
            "added": "2016-06-28T21:15:34.717Z",
            "author_name": "Fran\u00e7ois Miet",
            "description": null,
            "duration": 123,
            "html": "\n<div class=\"noembed-embed \">\n  <div class=\"noembed-wrapper\">\n    \n<div class=\"noembed-embed-inner noembed-youtube\">\n  \n<iframe width=\" 459\" height=\"344\" src=\"https://www.youtube.com/embed/cIDuE4U_fZg?feature=oembed\" frameborder=\"0\" allowfullscreen></iframe>\n\n</div>\n\n    <table class=\"noembed-meta-info\">\n      <tr>\n        <td class=\"favicon\"><img src=\"https://noembed.com/favicon/YouTube.png\"></td>\n        <td>YouTube</td>\n        <td align=\"right\">\n          <a title=\"https://www.youtube.com/watch?v=cIDuE4U_fZg\" href=\"https://www.youtube.com/watch?v=cIDuE4U_fZg\">https://www.youtube.com/watch?v=cIDuE4U_fZg</a>\n        </td>\n      </tr>\n    </table>\n  </div>\n</div>\n",
            "provider_name": "YouTube",
            "thumbnail": "https://i.ytimg.com/vi/cIDuE4U_fZg/hqdefault.jpg",
            "title": "Serge Gainsbourg - Ballade de Melody Nelson",
            "updated": "2016-06-28T21:15:34.717Z",
            "url": "https://www.youtube.com/watch?v=cIDuE4U_fZg"
        },
        "model": "l8pr.item",
        "pk": 415
    },
    {
        "fields": {
            "added": "2016-06-28T21:15:34.743Z",
            "author_name": "Didier Torche",
            "description": null,
            "duration": 184,
            "html": "\n<div class=\"noembed-embed \">\n  <div class=\"noembed-wrapper\">\n    \n<div class=\"noembed-embed-inner noembed-youtube\">\n  \n<iframe width=\" 459\" height=\"344\" src=\"https://www.youtube.com/embed/IzuTdVJG-ck?feature=oembed\" frameborder=\"0\" allowfullscreen></iframe>\n\n</div>\n\n    <table class=\"noembed-meta-info\">\n      <tr>\n        <td class=\"favicon\"><img src=\"https://noembed.com/favicon/YouTube.png\"></td>\n        <td>YouTube</td>\n        <td align=\"right\">\n          <a title=\"https://www.youtube.com/watch?v=IzuTdVJG-ck\" href=\"https://www.youtube.com/watch?v=IzuTdVJG-ck\">https://www.youtube.com/watch?v=IzuTdVJG-ck</a>\n        </td>\n      </tr>\n    </table>\n  </div>\n</div>\n",
            "provider_name": "YouTube",
            "thumbnail": "https://i.ytimg.com/vi/IzuTdVJG-ck/hqdefault.jpg",
            "title": "Serge Gainsbourg la chanson de Pr\u00e9vert",
            "updated": "2016-06-28T21:15:34.743Z",
            "url": "https://www.youtube.com/watch?v=IzuTdVJG-ck"
        },
        "model": "l8pr.item",
        "pk": 416
    },
    {
        "fields": {
            "added": "2016-06-28T21:15:34.770Z",
            "author_name": "7173Productions",
            "description": null,
            "duration": 91,
            "html": "\n<div class=\"noembed-embed \">\n  <div class=\"noembed-wrapper\">\n    \n<div class=\"noembed-embed-inner noembed-youtube\">\n  \n<iframe width=\" 459\" height=\"344\" src=\"https://www.youtube.com/embed/Qqfd5xZZ30E?feature=oembed\" frameborder=\"0\" allowfullscreen></iframe>\n\n</div>\n\n    <table class=\"noembed-meta-info\">\n      <tr>\n        <td class=\"favicon\"><img src=\"https://noembed.com/favicon/YouTube.png\"></td>\n        <td>YouTube</td>\n        <td align=\"right\">\n          <a title=\"https://www.youtube.com/watch?v=Qqfd5xZZ30E\" href=\"https://www.youtube.com/watch?v=Qqfd5xZZ30E\">https://www.youtube.com/watch?v=Qqfd5xZZ30E</a>\n        </td>\n      </tr>\n    </table>\n  </div>\n</div>\n",
            "provider_name": "YouTube",
            "thumbnail": "https://i.ytimg.com/vi/Qqfd5xZZ30E/hqdefault.jpg",
            "title": "Slogan (1969) trailer",
            "updated": "2016-06-28T21:15:34.770Z",
            "url": "https://www.youtube.com/watch?v=Qqfd5xZZ30E"
        },
        "model": "l8pr.item",
        "pk": 417
    },
    {
        "fields": {
            "added": "2016-06-28T21:15:34.798Z",
            "author_name": "Cristian Trujillo",
            "description": null,
            "duration": 213,
            "html": "\n<div class=\"noembed-embed \">\n  <div class=\"noembed-wrapper\">\n    \n<div class=\"noembed-embed-inner noembed-youtube\">\n  \n<iframe width=\" 459\" height=\"344\" src=\"https://www.youtube.com/embed/VPOYtC1n5bE?feature=oembed\" frameborder=\"0\" allowfullscreen></iframe>\n\n</div>\n\n    <table class=\"noembed-meta-info\">\n      <tr>\n        <td class=\"favicon\"><img src=\"https://noembed.com/favicon/YouTube.png\"></td>\n        <td>YouTube</td>\n        <td align=\"right\">\n          <a title=\"https://www.youtube.com/watch?v=VPOYtC1n5bE\" href=\"https://www.youtube.com/watch?v=VPOYtC1n5bE\">https://www.youtube.com/watch?v=VPOYtC1n5bE</a>\n        </td>\n      </tr>\n    </table>\n  </div>\n</div>\n",
            "provider_name": "YouTube",
            "thumbnail": "https://i.ytimg.com/vi/VPOYtC1n5bE/hqdefault.jpg",
            "title": "Initials BB - Serge Gainsbourg",
            "updated": "2016-06-28T21:15:34.798Z",
            "url": "https://www.youtube.com/watch?v=VPOYtC1n5bE"
        },
        "model": "l8pr.item",
        "pk": 418
    },
    {
        "fields": {
            "added": "2016-06-28T21:15:34.828Z",
            "author_name": "vse vyshe",
            "description": null,
            "duration": 3,
            "html": "\n<div class=\"noembed-embed \">\n  <div class=\"noembed-wrapper\">\n    \n<div class=\"noembed-embed-inner noembed-youtube\">\n  \n<iframe width=\" 459\" height=\"344\" src=\"https://www.youtube.com/embed/E8ZCvYg5-ZQ?feature=oembed\" frameborder=\"0\" allowfullscreen></iframe>\n\n</div>\n\n    <table class=\"noembed-meta-info\">\n      <tr>\n        <td class=\"favicon\"><img src=\"https://noembed.com/favicon/YouTube.png\"></td>\n        <td>YouTube</td>\n        <td align=\"right\">\n          <a title=\"https://www.youtube.com/watch?v=E8ZCvYg5-ZQ\" href=\"https://www.youtube.com/watch?v=E8ZCvYg5-ZQ\">https://www.youtube.com/watch?v=E8ZCvYg5-ZQ</a>\n        </td>\n      </tr>\n    </table>\n  </div>\n</div>\n",
            "provider_name": "YouTube",
            "thumbnail": "https://i.ytimg.com/vi/E8ZCvYg5-ZQ/hqdefault.jpg",
            "title": "Serge Gainsbourg, Le Poin\u00e7onneur des Lilas, 1959",
            "updated": "2016-06-28T21:15:34.828Z",
            "url": "https://www.youtube.com/watch?v=E8ZCvYg5-ZQ"
        },
        "model": "l8pr.item",
        "pk": 419
    }
]
